Periodo de Cobertura,Total Afiliados,0-4,5-9,10-14,15-19,20-24,25-29,30-34,35-39,40-44,45-49,50-54,55-59,60-64,65-69,70-74,75-79,80-84,85 y mas,Year,Month,Sexo
2007-10-01,228124,46255,56124,52793,32811,4763,1937,4142,5567,6379,5797,4755,3195,1743,977,487,248,90,61,2007,10,M
2007-11-01,239314,48181,59325,55658,34589,4890,1979,4176,5738,6538,5943,4941,3332,1856,1062,581,311,133,81,2007,11,M
2007-12-01,252918,50791,63102,59451,36684,3879,2120,4433,6119,6891,6320,5230,3565,2001,1137,628,343,140,84,2007,12,M
2008-01-01,257925,51163,64515,60949,37556,3883,2114,4449,6234,7046,6445,5307,3640,2072,1192,682,387,173,118,2008,1,M
2008-02-01,266391,53041,66536,62608,38674,3805,2206,4657,6454,7313,6641,5454,3780,2198,1339,836,479,224,146,2008,2,M
2008-03-01,271570,53660,67742,63638,39274,3868,2243,4758,6658,7633,6840,5605,3962,2341,1441,930,549,269,159,2008,3,M
2008-04-01,279983,55204,69426,65289,40112,4214,2651,5180,6990,7897,7044,5784,4099,2470,1514,1006,620,308,175,2008,4,M
2008-05-01,293060,57957,72952,68336,41936,4231,2739,5392,7324,8224,7299,5995,4243,2583,1593,1062,675,333,186,2008,5,M
2008-06-01,304028,59631,75352,70799,43285,4373,2845,5672,7650,8652,7808,6449,4574,2803,1717,1116,737,357,208,2008,6,M
2008-07-01,320500,61099,77414,72721,45186,6251,4618,7048,8768,9461,8402,6889,4894,3059,1927,1253,853,408,249,2008,7,M
2008-08-01,317474,60565,75951,71031,44122,5854,4697,7190,8971,9716,8644,7213,5194,3235,2094,1356,919,445,277,2008,8,M
2008-09-01,320786,60846,76804,71802,44717,5816,4639,7279,8995,9828,8854,7336,5305,3337,2149,1384,950,467,278,2008,9,M
2008-10-01,328026,61345,78464,73376,45940,5957,4837,7498,9248,10105,9170,7533,5542,3500,2262,1467,997,493,292,2008,10,M
2008-11-01,330133,61886,79156,74090,46313,5631,4567,7280,9240,10088,9207,7668,5589,3594,2375,1546,1050,536,317,2008,11,M
2008-12-01,334429,62838,80481,75512,47206,5377,4382,7178,9202,9994,9255,7661,5660,3651,2406,1589,1112,575,350,2008,12,M
2009-01-01,348233,66342,83773,78544,48906,5520,4579,7357,9531,10395,9423,7892,5839,3789,2499,1682,1190,607,365,2009,1,M
2009-02-01,357791,67906,85298,80236,49790,5791,5046,8005,10051,10815,9809,8246,6148,3947,2654,1769,1250,639,391,2009,2,M
2009-03-01,363869,69255,86587,81569,50725,6132,5146,8001,10035,10861,9832,8359,6232,4084,2750,1869,1315,700,417,2009,3,M
2009-04-01,375469,71944,89402,83955,52331,5812,4975,7971,10179,11053,10038,8512,6484,4332,3026,2216,1646,945,648,2009,4,M
2009-05-01,379437,72671,89858,84673,52847,5844,5173,8107,10331,11156,10168,8650,6648,4457,3090,2336,1717,1013,698,2009,5,M
2009-06-01,392879,75001,92114,86977,55168,6668,5365,8485,10769,11667,10515,9062,6968,4708,3285,2476,1824,1088,739,2009,6,M
2009-07-01,405696,77504,94816,89706,57103,6866,5604,8794,11012,12021,10884,9275,7238,4972,3449,2622,1918,1139,773,2009,7,M
2009-08-01,422898,80928,99243,94103,59803,7001,5572,8911,11376,12149,11080,9528,7526,5253,3660,2762,1982,1222,799,2009,8,M
2009-09-01,429951,82037,100597,95694,61196,7053,5584,9043,11454,12320,11279,9797,7693,5477,3718,2850,2053,1265,841,2009,9,M
2009-10-01,440519,83713,102890,98153,62443,7280,5659,9344,11829,12679,11638,10084,8053,5674,3811,2953,2145,1305,866,2009,10,M
2009-11-01,448201,85717,104229,99979,63464,7303,5729,9374,11999,12829,11760,10280,8207,5860,3944,3048,2230,1355,894,2009,11,M
2009-12-01,454226,87100,105769,101818,64536,7141,5517,9344,11884,12789,11847,10333,8253,6023,4025,3157,2299,1464,927,2009,12,M
2010-01-01,464138,89246,107561,103700,65969,7214,5685,9715,12270,13158,12156,10535,8498,6204,4103,3300,2340,1514,970,2010,1,M
2010-02-01,469763,89471,107994,104296,66364,7733,5979,10167,12753,13609,12556,10965,8813,6494,4226,3381,2415,1549,998,2010,2,M
2010-03-01,481150,93452,110578,106763,67962,8017,5978,10111,12657,13638,12635,10995,8860,6619,4372,3475,2449,1590,999,2010,3,M
2010-04-01,490428,95919,112626,108593,69080,8020,6075,10297,12903,13919,12841,11245,9089,6802,4431,3547,2437,1607,997,2010,4,M
2010-05-01,495196,96739,113205,109150,69444,8058,6205,10502,13151,14144,13095,11445,9321,7029,4615,3690,2585,1736,1082,2010,5,M
2010-06-01,499027,97216,113123,109027,69850,8483,6721,10945,13436,14506,13231,11593,9486,7208,4769,3819,2690,1800,1124,2010,6,M
2010-07-01,505771,98100,114005,110326,70540,8592,6866,11176,13715,14785,13635,11928,9742,7534,4945,3979,2802,1917,1184,2010,7,M
2010-08-01,512485,98922,115300,111775,71464,8682,6953,11282,14039,15148,13935,12061,9969,7732,5088,4060,2907,1945,1223,2010,8,M
2010-09-01,522507,99890,116621,113956,72716,9073,7343,11638,14458,15500,14337,12411,10578,8133,5334,4223,2980,2030,1286,2010,9,M
2010-10-01,528599,100407,117181,115126,73398,9233,7405,11844,14907,15996,14794,12821,10717,8242,5590,4386,3106,2111,1335,2010,10,M
2010-11-01,534627,102143,118640,116946,74611,9381,7400,11956,14862,16015,14844,12640,10658,8116,5470,4346,3084,2148,1367,2010,11,M
2010-12-01,540432,102910,119686,118462,75583,9314,7264,12161,15055,16276,15056,12798,10751,8314,5600,4433,3138,2216,1415,2010,12,M
2011-01-01,540529,103061,119334,118871,75740,9218,7150,12099,14923,16208,15092,12765,10795,8304,5595,4487,3205,2236,1446,2011,1,M
2011-02-01,547967,104059,119960,119961,76298,9929,7602,12448,15316,16679,15475,13029,11141,8561,5793,4637,3298,2295,1486,2011,2,M
2011-03-01,554270,105294,120951,121266,77090,10029,7716,12518,15334,16884,15632,13304,11369,8827,5949,4784,3403,2349,1571,2011,3,M
2011-04-01,562452,107628,122134,122937,77657,10165,7760,12819,15594,17054,15848,13524,11635,9040,6150,4935,3515,2447,1610,2011,4,M
2011-05-01,561125,107109,120814,121779,76994,10356,8052,12945,15838,17316,16068,13711,11798,9263,6313,5035,3606,2467,1661,2011,5,M
2011-06-01,568593,109063,122348,123884,77946,10354,8122,13050,15875,17302,16115,13832,11885,9369,6445,5134,3664,2512,1693,2011,6,M
2011-07-01,576475,110083,123371,125472,79139,10786,8306,13335,16210,17606,16378,14085,12125,9526,6650,5315,3765,2589,1734,2011,7,M
2011-08-01,583223,110760,124145,126728,80527,11035,8532,13682,16352,17766,16652,14315,12417,9746,6873,5398,3886,2635,1774,2011,8,M
2011-09-01,585111,111353,124472,126974,80848,10866,8165,13479,16426,17749,16761,14482,12850,9890,6995,5458,3917,2636,1790,2011,9,M
2011-10-01,583831,110534,123308,125990,80442,11647,8781,13819,16705,17862,16953,14405,12543,9819,7013,5491,3988,2694,1837,2011,10,M
2011-11-01,585815,111325,123638,126556,80660,11404,8565,13755,16621,17798,17048,14437,12619,10010,7120,5581,4066,2759,1853,2011,11,M
2011-12-01,585025,111275,123547,126705,80324,11281,8477,13543,16695,17759,16901,14433,12568,10047,7186,5539,4127,2757,1861,2011,12,M
2012-01-01,586906,111086,123348,126908,80458,11317,8485,13702,16790,17998,17217,14577,12791,10230,7319,5642,4243,2857,1938,2012,1,M
2012-02-01,593589,112213,124001,127934,80949,11698,8726,14030,17160,18382,17592,14915,13149,10459,7501,5747,4299,2865,1969,2012,2,M
2012-03-01,602314,114792,125451,129897,81854,11930,8942,14183,17205,18432,17800,15085,13154,10596,7730,5864,4426,2951,2022,2012,3,M
2012-04-01,605495,115919,125781,130637,81999,11928,8990,14126,17249,18495,17954,15174,13219,10761,7803,5903,4520,2979,2058,2012,4,M
2012-05-01,610530,116611,126450,131718,82623,12051,8931,14316,17458,18737,18176,15360,13449,10951,7947,5992,4592,3063,2105,2012,5,M
2012-06-01,616949,118339,127170,133064,82785,12230,9248,14533,17628,19035,18451,15603,13589,11137,8107,6134,4649,3104,2143,2012,6,M
2012-07-01,591401,114095,122831,129004,81072,10313,7217,12627,16144,17785,17513,15008,13259,10833,7878,6065,4589,3074,2094,2012,7,M
2012-08-01,623985,118992,126791,133794,84860,12770,9727,14907,17962,19417,18790,15943,13971,11387,8268,6349,4742,3169,2146,2012,8,M
2012-09-01,632120,120175,127713,135325,85956,13164,9963,15224,18314,19801,19128,16340,14237,11613,8390,6543,4851,3188,2195,2012,9,M
2012-10-01,631650,119422,127451,135383,85861,12881,9952,15415,18433,19961,19447,16360,14273,11658,8316,6604,4830,3196,2207,2012,10,M
2012-11-01,633935,119873,127893,136177,85927,12746,9849,15427,18478,20054,19478,16407,14285,11750,8523,6703,4923,3218,2224,2012,11,M
2012-12-01,637299,120819,128431,136776,86139,12870,9941,15542,18774,20220,19599,16383,14308,11775,8515,6775,5009,3219,2204,2012,12,M
2013-01-01,636602,121032,128336,137438,86108,12447,9657,15257,18538,19969,19467,16343,14282,11809,8574,6798,5030,3260,2257,2013,1,M
2013-02-01,642443,122403,128946,138265,85784,12689,9837,15707,18819,20341,19872,16678,14564,12037,8772,6957,5141,3318,2313,2013,2,M
2013-03-01,648491,123797,129607,139307,86462,13101,10063,15791,18857,20414,20031,16891,14837,12208,8914,7112,5252,3431,2416,2013,3,M
2013-04-01,651401,123760,130211,140269,86991,12896,10069,15813,18963,20485,20150,17015,14969,12306,9026,7205,5343,3469,2461,2013,4,M
2013-05-01,659382,125151,131545,141802,87803,13118,10353,16011,19186,20783,20480,17290,15230,12536,9292,7290,5468,3513,2531,2013,5,M
2013-06-01,668335,126408,133057,143489,88461,13582,10809,16348,19715,21188,20722,17621,15585,12748,9456,7423,5552,3583,2588,2013,6,M
2013-07-01,668369,125944,132496,143317,88188,13722,10838,16558,19753,21316,20744,17847,15748,12887,9631,7523,5600,3634,2623,2013,7,M
2013-08-01,676661,127499,134212,144623,90291,13739,10949,16667,19902,21589,20982,18095,15844,13077,9786,7573,5632,3602,2599,2013,8,M
2013-09-01,679506,128070,134633,144786,90473,13953,10901,16679,20095,21703,21022,18225,16172,13214,9938,7669,5705,3630,2638,2013,9,M
2013-10-01,680689,126572,134819,145351,91085,14044,10948,16783,20217,21937,21210,18350,16161,13379,10019,7754,5741,3654,2665,2013,10,M
2013-11-01,689076,129795,136384,147008,92415,13784,10896,16678,20226,21965,21271,18566,16295,13502,10203,7829,5838,3682,2739,2013,11,M
2013-12-01,692261,130479,137039,147207,93072,13795,10932,16686,20355,22064,21391,18688,16372,13617,10310,7876,5897,3716,2765,2013,12,M
2014-01-01,691961,130806,137146,147178,92830,13571,10843,16703,20478,22130,21298,18663,16317,13651,10279,7841,5805,3673,2749,2014,1,M
2014-02-01,695147,131927,137700,147151,92604,13809,11195,16933,20590,22268,21476,18869,16378,13789,10365,7889,5826,3648,2730,2014,2,M
2014-03-01,703286,132988,138633,148154,93509,14551,11653,17271,20864,22548,21750,19108,16711,14030,10664,8114,6066,3772,2900,2014,3,M
2014-04-01,708117,134268,139953,149892,94782,13856,11177,16858,20805,22555,21794,19228,16843,14195,10791,8201,6132,3855,2932,2014,4,M
2014-05-01,718777,136804,141450,151271,95876,14515,11674,17382,21162,22904,22160,19609,17097,14452,10996,8315,6190,3913,3007,2014,5,M
2014-06-01,725165,138120,142441,152058,96791,14802,11847,17570,21454,23124,22327,19821,17277,14610,11201,8425,6276,3957,3064,2014,6,M
2014-07-01,727815,138435,143127,152179,96914,14799,12126,17750,21553,23160,22540,19996,17437,14705,11408,8447,6282,3945,3012,2014,7,M
2014-08-01,736353,138590,144918,153675,98319,15054,12469,18182,22046,23544,22954,20258,17661,14956,11670,8583,6373,4039,3062,2014,8,M
2014-09-01,739630,138691,145679,153888,99503,15482,12549,17996,22045,23573,22974,20331,17776,14996,11788,8688,6457,4078,3136,2014,9,M
2014-10-01,745605,138702,147012,154835,100669,15889,12696,18145,22294,23855,23238,20530,18000,15142,11973,8764,6550,4125,3186,2014,10,M
2014-11-01,748685,138030,148038,155511,101184,15772,12779,18330,22358,23975,23349,20647,18252,15407,12186,8841,6636,4161,3229,2014,11,M
2014-12-01,751808,140463,148799,155157,101579,15635,12679,18198,22378,23922,23320,20670,18256,15459,12303,8850,6714,4176,3250,2014,12,M
2015-01-01,755578,140165,149234,154921,101132,16556,13666,18321,22395,23924,23416,20738,18342,15657,12732,9182,7173,4508,3516,2015,1,M
2015-02-01,759087,140288,149408,154779,101084,16951,14269,18631,22558,24146,23650,20873,18543,15944,12930,9388,7317,4689,3639,2015,2,M
2015-03-01,771326,143213,151356,156642,103419,17435,14633,18851,22925,24267,23938,21100,18716,16193,13186,9524,7425,4742,3761,2015,3,M
2015-04-01,777028,145147,152326,157692,104353,17066,14438,18761,22915,24431,24173,21321,18835,16362,13441,9589,7528,4794,3856,2015,4,M
2015-05-01,785027,146374,153347,158401,105397,17754,15091,19161,23276,24795,24576,21555,19068,16645,13641,9585,7564,4830,3967,2015,5,M
2015-06-01,787651,146751,153662,158640,105975,17767,15188,19253,23428,24825,24757,21751,19143,16756,13717,9612,7589,4848,3989,2015,6,M
2015-07-01,787892,145586,153609,158440,106134,17920,15307,19339,23602,24989,24802,21950,19244,16874,13896,9655,7621,4896,4028,2015,7,M
2015-08-01,793281,148168,153997,158453,106699,17919,15567,19549,23702,25090,24995,22254,19503,16963,14089,9749,7635,4872,4077,2015,8,M
2015-09-01,794916,147799,153763,157805,108466,18379,15807,19803,23850,25105,24911,22270,19436,17025,14053,9781,7678,4870,4115,2015,9,M
2015-10-01,801182,148107,155182,158856,110137,18608,15811,19707,23987,25342,25036,22422,19625,17353,14270,9909,7736,4911,4183,2015,10,M
2015-11-01,803454,149106,156129,159114,110289,18235,15702,19728,23980,25191,25100,22592,19601,17418,14395,9958,7730,4965,4221,2015,11,M
2015-12-01,797783,145428,155244,157945,110132,18233,15766,19652,23942,25287,25095,22667,19575,17397,14412,10036,7736,4974,4262,2015,12,M
2016-01-01,805534,149282,157049,158835,111080,18048,15819,19575,23874,25172,25177,22785,19586,17585,14436,10091,7807,5020,4313,2016,1,M
2016-02-01,813083,151148,157950,158935,111365,18641,16364,20122,24434,25592,25739,23083,19808,17887,14597,10237,7814,5043,4324,2016,2,M
2016-03-01,825251,154854,161746,162044,113974,18799,16241,19826,24014,25154,25476,23075,19867,17912,14672,10309,7858,5074,4356,2016,3,M
2016-04-01,829784,155477,162339,161854,114788,19107,16558,20179,24288,25430,25680,23251,20008,18179,14816,10405,7911,5126,4388,2016,4,M
2016-05-01,836672,158692,164315,163037,116099,18764,16229,19881,24159,25361,25639,23254,20090,18194,14887,10506,7975,5146,4444,2016,5,M
2016-06-01,838362,157512,165010,162991,115604,19154,16628,20096,24397,25559,25789,23428,20300,18379,15072,10678,8057,5219,4489,2016,6,M
2016-07-01,849661,161618,167178,164249,116312,19233,16856,20358,24593,25842,26051,23779,20630,18694,15270,10907,8204,5302,4585,2016,7,M
2016-08-01,851353,159237,167703,163905,117992,19540,17138,20765,24886,25973,26122,23966,20709,18860,15318,11054,8208,5393,4584,2016,8,M
2016-09-01,860460,160882,170186,165172,119593,19859,17215,20649,24984,26251,26437,24218,20976,19135,15429,11255,8197,5430,4592,2016,9,M
2016-10-01,863660,160709,170717,165416,119937,20126,17481,20902,25202,26387,26599,24463,21146,19303,15584,11409,8182,5510,4587,2016,10,M
2016-11-01,860812,160373,170405,164547,119623,19997,17289,20525,24957,26221,26266,24484,21057,19396,15907,11515,8201,5492,4557,2016,11,M
2016-12-01,863026,161134,171692,165183,120138,19664,17127,20403,25007,26287,26233,24448,21044,19209,15767,11496,8192,5473,4529,2016,12,M
2017-01-01,860320,159974,171851,165265,119708,19588,17025,20220,24789,26028,26083,24381,20978,19082,15664,11464,8134,5506,4580,2017,1,M
2017-02-01,873615,162718,174230,166882,120855,20011,17740,20749,25226,26720,26945,25277,21288,19261,15815,11594,8160,5560,4584,2017,2,M
2017-03-01,879425,164078,175936,168027,121853,20382,18009,20926,25356,26464,26463,25028,21383,19340,15978,11778,8211,5611,4602,2017,3,M
2017-04-01,886725,166680,178698,169863,123637,20139,17723,20561,24872,26022,26165,24916,21285,19471,16040,11929,8311,5710,4703,2017,4,M
2017-05-01,897731,168781,180933,171699,125520,20280,17956,20858,25113,26214,26433,25200,21533,19625,16302,12149,8418,5888,4829,2017,5,M
2017-06-01,904500,170403,183018,173286,126842,20324,17828,20903,25147,26138,26537,25298,21587,19759,16267,12056,8445,5845,4817,2017,6,M
2017-07-01,914416,172246,185184,174326,128346,20918,18184,21449,25508,26457,26716,25610,21759,19917,16448,12123,8510,5874,4841,2017,7,M
2017-08-01,917839,172014,185616,173877,129100,20579,18337,21559,25894,26897,27148,26005,22392,20267,16696,12143,8623,5855,4837,2017,8,M
2017-09-01,920033,172098,186905,173700,129723,20912,18667,21506,26464,26709,27070,25896,22061,20066,16628,12140,8708,5895,4885,2017,9,M
2017-10-01,919058,171736,187049,173646,130473,20804,18301,21320,25727,26485,26959,25828,21976,20092,16700,12175,8863,5986,4938,2017,10,M
2017-11-01,925968,173294,188465,174197,130989,20626,18387,21402,26041,26641,27251,26213,22467,20545,17042,12400,9004,6036,4968,2017,11,M
2017-12-01,931497,174656,190114,174969,131583,20704,18544,21588,26236,26770,27400,26325,22416,20398,17042,12484,9152,6095,5021,2017,12,M
2018-01-01,933240,174885,190900,175502,132380,20522,18283,21467,26040,26827,27349,26315,22438,20410,17003,12534,9168,6138,5079,2018,1,M
2018-02-01,938523,176627,191904,175627,132575,20796,18712,21741,26187,27093,27390,26462,22662,20554,17159,12645,9216,6098,5075,2018,2,M
2018-03-01,929777,174934,192064,175461,133412,18905,16791,20261,25130,26342,26758,26257,22601,20479,17128,12680,9279,6143,5152,2018,3,M
2018-04-01,956118,180309,195277,177812,136275,21203,19082,22043,26486,27426,27724,26903,23126,21049,17536,12950,9416,6248,5253,2018,4,M
2018-05-01,959629,180961,196040,177980,137188,21061,19150,22018,26522,27402,27787,27195,23388,21266,17595,13080,9417,6335,5244,2018,5,M
2018-06-01,968746,183459,197454,179315,138115,21493,19648,22379,26905,27726,28027,27183,23509,21465,17717,13249,9468,6347,5287,2018,6,M
2018-07-01,976001,184367,198827,179938,139268,21761,20116,22795,27167,27877,28431,27359,23842,21579,17911,13464,9576,6391,5332,2018,7,M
2018-08-01,961549,183099,197900,179717,138581,19231,17500,21000,25668,26817,27680,26859,23510,21413,17818,13488,9520,6400,5348,2018,8,M
2018-09-01,983893,184782,200009,181596,140091,21930,20328,22977,28066,28159,28674,27596,24153,21999,18172,13773,9671,6468,5449,2018,9,M
2018-10-01,988540,184662,201521,183396,141851,21948,20158,23110,27400,28199,28731,27619,24168,21933,18271,13901,9711,6492,5469,2018,10,M
2018-11-01,997168,186629,203761,185191,142436,21768,20273,23310,27471,28496,28858,27889,24440,22255,18422,14082,9813,6563,5511,2018,11,M
2018-12-01,1000103,186797,204754,185923,142539,21790,20199,23343,27477,28513,28866,28042,24613,22315,18662,14221,9882,6632,5535,2018,12,M
2019-01-01,999322,185942,205111,186174,142291,21761,20165,23344,27262,28442,28850,28005,24594,22290,18723,14269,9925,6627,5547,2019,1,M
2019-02-01,1006102,187004,206104,187086,142282,22194,20608,23788,27490,28773,29163,28344,24883,22580,19017,14477,10063,6655,5591,2019,2,M
2019-03-01,1014560,187603,207563,188132,143278,23069,21392,24323,27970,29150,29463,28553,25145,22699,19167,14541,10120,6755,5637,2019,3,M
2019-04-01,1016379,188635,208464,188484,143725,22535,20850,24062,27849,29053,29462,28484,25229,22794,19360,14689,10192,6764,5748,2019,4,M
2019-05-01,1013348,185992,207849,187793,144210,22450,20921,24026,27647,29002,29481,28511,25370,22838,19502,14832,10283,6818,5823,2019,5,M
2019-06-01,1016771,187258,208736,188144,142673,22828,21087,24352,27955,29284,29557,28711,25638,22999,19600,15018,10282,6834,5815,2019,6,M
2019-07-01,1022201,188247,209561,188988,143505,23285,21305,24559,28575,29343,29678,28702,25609,23030,19652,15175,10271,6881,5835,2019,7,M
2019-08-01,1027943,189136,210175,189925,144031,23064,21585,24940,29027,29723,29995,29343,25706,23066,19773,15266,10355,6939,5894,2019,8,M
2019-09-01,1031259,189417,211088,191323,144918,23688,21618,25098,28388,29837,29962,28792,25661,23132,19774,15329,10361,6974,5899,2019,9,M
2019-10-01,1031535,188367,211478,191887,144659,23817,21615,25094,28345,29875,29870,28811,25706,23311,19902,15455,10414,7009,5920,2019,10,M
2019-11-01,1035195,189479,212320,193050,144607,23705,21414,25078,28417,29924,29918,29038,25848,23421,19885,15619,10459,7053,5960,2019,11,M
2019-12-01,1027763,186861,208527,190451,141780,24006,21938,25677,28780,30378,30288,29472,26261,23762,20129,15871,10539,7088,5955,2019,12,M
2020-01-01,1028769,187580,209958,192815,142171,23658,20994,25098,28068,30165,30123,29301,25988,23647,19909,15772,10376,7101,6045,2020,1,M
2020-02-01,1030531,188434,210298,193407,141794,23901,21243,25342,28200,30125,29783,29034,26016,23624,20059,15863,10322,7037,6049,2020,2,M
2020-03-01,1035448,189939,210832,194315,142525,24770,21573,25480,28236,30037,29810,29154,25912,23563,20020,15912,10283,7022,6065,2020,3,M
2020-04-01,977748,175777,197642,182487,135444,24524,21090,24673,27171,29066,28636,28035,24836,22412,18966,15039,9624,6563,5763,2020,4,M
2020-05-01,1224391,174411,199005,184109,143165,58053,62533,60677,58654,56366,50911,45562,36426,29395,23386,17525,10754,7260,6199,2020,5,M
2020-06-01,1261710,177578,204223,188529,147899,60804,64921,62887,60079,57373,52081,46951,38148,31004,24780,18632,11456,7679,6686,2020,6,M
2020-07-01,1171390,178676,205970,190075,149006,47058,47302,48074,47454,46482,43166,39931,33609,28267,23207,17931,11120,7481,6581,2020,7,M
2020-08-01,1116779,176092,204065,188136,149268,40050,37749,40137,40937,41249,39050,36900,31610,26872,22462,17458,10909,7332,6503,2020,8,M
2020-09-01,1120871,175019,203855,187583,150894,41257,38144,40614,41139,41746,39272,36955,31939,27157,22706,17597,11077,7409,6508,2020,9,M
2020-10-01,1113852,176091,205132,189431,154009,38387,33883,37646,38898,40263,38311,36523,32234,27415,22955,17685,11085,7420,6484,2020,10,M
2020-11-01,1092675,174102,202476,186985,153441,37387,32162,35968,37255,38745,37141,35315,31264,26456,22318,17214,10864,7242,6340,2020,11,M
2020-12-01,1108132,176843,206337,190262,157550,37724,31847,36076,37115,38746,37211,35437,31442,26615,22556,17536,11038,7318,6479,2020,12,M
2021-01-01,1062613,172065,201304,186222,154176,33494,27040,31947,33933,36114,35166,34231,30318,25273,21498,16509,10416,6892,6015,2021,1,M
2021-02-01,971080,168108,195183,179682,132031,24009,20957,26110,28358,30483,29500,28969,26165,22766,20089,15770,10292,6678,5930,2021,2,M
2021-03-01,982996,172334,199042,183346,128089,23627,21398,26461,28620,30715,29863,29519,26751,23304,20570,16052,10426,6816,6063,2021,3,M
2021-04-01,982743,173018,199299,183508,127502,23488,21266,26598,28263,30559,29572,29310,26740,23318,20637,16156,10544,6887,6078,2021,4,M
2021-05-01,998331,175557,202192,186655,131394,24443,21447,26849,28540,30612,29854,29508,26960,23679,20853,16218,10595,6934,6041,2021,5,M
2021-06-01,984193,175659,202382,187004,129068,21529,19271,25088,27235,29459,28870,28720,26367,23295,20561,16150,10642,6910,5983,2021,6,M
2021-07-01,1005441,177884,204674,189972,130968,23140,21137,26739,28579,30586,29824,29567,27137,23886,21108,16330,10919,6979,6012,2021,7,M
2021-08-01,1020236,178879,206444,192791,132261,23871,21958,27608,29263,32025,30272,29987,27717,24315,21835,16658,11148,7079,6125,2021,8,M
2021-09-01,1070614,177590,206619,194511,133165,29390,29370,34500,35193,36743,35142,34262,31096,26675,23296,17670,11726,7327,6339,2021,9,M
2021-10-01,1025532,180911,207130,195118,132907,23586,21741,27565,29112,31385,30302,29937,27899,24508,21941,16820,11327,7120,6223,2021,10,M
2021-11-01,1034314,182931,208802,197425,133721,23330,21830,27889,29155,31639,30467,30198,28279,24659,22052,17062,11444,7175,6256,2021,11,M
2021-12-01,1029395,182586,207778,197230,132992,22708,21380,27402,28877,31393,30162,29993,28282,24702,22004,17091,11477,7137,6201,2021,12,M
2022-01-01,1037525,183459,209220,199293,133717,22930,21619,27847,29211,31618,30567,30248,28551,24907,21999,17255,11588,7198,6298,2022,1,M
2022-02-01,1034593,183693,208264,198944,132680,22797,21680,27767,29162,31364,30331,30106,28455,24866,22037,17328,11671,7180,6268,2022,2,M
2022-03-01,1054694,188023,211820,203018,135003,23454,21941,28444,29683,32026,30861,30509,29066,25360,22286,17602,11887,7285,6426,2022,3,M
2022-04-01,1056114,187218,212132,203628,134449,23247,22093,28207,29717,32165,30972,30764,30063,25685,22443,17643,11959,7309,6420,2022,4,M
2022-05-01,1061598,189900,213416,204649,134977,23379,22192,28479,29890,32050,30804,30587,29461,25753,22443,17773,12017,7332,6496,2022,5,M
2022-06-01,1069137,191465,215044,206340,135606,23474,22189,28622,30116,32217,30944,30799,29600,25920,22676,17912,12177,7482,6554,2022,6,M
2022-07-01,1074442,192127,215979,207637,135979,23818,22350,28829,30347,32480,31170,30951,29772,26066,22763,17972,12116,7524,6562,2022,7,M
2022-08-01,1084696,193211,218014,209842,137008,24015,22524,29494,30755,32977,31484,31288,30130,26374,23016,18283,12117,7603,6561,2022,8,M
2022-09-01,1088024,192702,218406,210924,137063,24228,22868,29773,30890,33727,31598,31274,30267,26542,23046,18304,12105,7686,6621,2022,9,M
2022-10-01,1091015,192213,219620,212045,137244,24393,22779,29944,30926,33196,31650,31484,30561,26912,23290,18348,12147,7724,6539,2022,10,M
2022-11-01,1092892,192780,220500,213059,137123,24049,22838,29987,31186,33176,31677,31407,30491,26597,23108,18379,12193,7813,6529,2022,11,M
2022-12-01,1092412,192543,220599,213541,137050,23884,22641,30093,31258,33138,31604,31215,30406,26633,23039,18293,12107,7844,6524,2022,12,M
2023-01-01,1101280,191278,220271,213317,136621,25254,24057,31715,32700,34481,32707,32287,31274,27022,23330,18418,12167,7877,6504,2023,1,M
2023-02-01,1093342,190934,220087,213708,135948,24506,22896,30761,31504,33554,31760,31524,30723,26843,23368,18414,12355,7933,6524,2023,2,M
2023-03-01,1105252,193712,223004,216396,137275,24867,22997,30921,31653,33684,31980,31576,31005,27194,23397,18591,12400,8023,6577,2023,3,M
2023-04-01,1083205,190348,219613,213453,134828,23801,22239,29841,30713,32647,30999,30754,30154,26500,22902,18057,12076,7816,6464,2023,4,M
2023-05-01,1100785,192735,222033,215848,136561,24250,22675,30568,31478,33520,31924,31664,31196,27385,23442,18525,12459,7946,6576,2023,5,M
2023-06-01,1098199,192867,222356,216185,136615,23571,22351,30296,31172,33166,31552,31195,30698,27204,23395,18467,12533,7970,6606,2023,6,M
2023-07-01,1093485,190833,221215,215368,135990,24134,22449,30301,31156,33103,31442,31147,30548,27163,23213,18385,12501,7959,6578,2023,7,M
2023-08-01,1085340,188472,219890,213990,135735,23438,21839,29843,30917,32971,31143,31030,30406,27173,23190,18373,12475,7880,6575,2023,8,M
2023-09-01,1089831,188849,221500,215296,136456,23269,21773,29995,30959,32772,31369,31150,30388,27184,23374,18468,12575,7871,6583,2023,9,M
2023-10-01,1090700,188970,221511,216258,136964,22889,21383,29611,30758,32631,31296,31024,30563,27665,23485,18593,12641,7869,6589,2023,10,M
2023-11-01,1087823,188384,221452,216831,136855,22535,21014,29592,30713,32422,31226,30858,30231,27180,23068,18417,12605,7844,6596,2023,11,M
2023-12-01,1085625,187563,220626,216881,136717,22094,20885,29583,30773,32460,31262,30840,30144,27218,23069,18445,12597,7864,6604,2023,12,M
2007-10-01,253444,42722,53189,50794,32896,10569,11395,12019,11705,9723,6781,4973,3095,1667,945,536,276,99,60,2007,10,F
2007-11-01,267161,44468,56328,53662,34715,10943,11722,12536,12228,10309,7176,5378,3372,1884,1152,685,370,140,93,2007,11,F
2007-12-01,282644,46818,59935,57142,36883,10363,12394,13277,12930,11020,7765,5740,3682,2077,1231,741,397,146,103,2007,12,F
2008-01-01,288225,47181,61373,58326,37595,10415,12523,13632,13182,11217,7919,5906,3814,2165,1345,840,473,189,130,2008,1,F
2008-02-01,298648,49085,63223,59988,38590,10620,13013,14065,13617,11603,8274,6247,4164,2433,1619,1076,606,260,165,2008,2,F
2008-03-01,306087,49571,64396,60977,39416,10868,13439,14583,14147,12096,8644,6571,4459,2680,1814,1220,697,309,200,2008,3,F
2008-04-01,315386,51108,65952,62518,40177,11298,14015,15087,14637,12528,9003,6866,4705,2849,1977,1335,757,355,219,2008,4,F
2008-05-01,329168,53733,69127,65171,42004,11653,14284,15510,15076,12945,9374,7237,4964,3048,2113,1451,834,402,242,2008,5,F
2008-06-01,340567,55354,71502,67311,43361,11988,14731,15964,15560,13297,9814,7591,5320,3291,2264,1579,921,450,269,2008,6,F
2008-07-01,355451,56771,73536,68882,45372,13273,16148,17079,16515,14001,10327,8105,5726,3597,2484,1774,1045,509,307,2008,7,F
2008-08-01,355323,56386,71928,67010,44185,13484,16774,17825,17195,14602,10786,8484,6078,3859,2711,1935,1155,578,348,2008,8,F
2008-09-01,357866,56739,72575,67912,44631,13546,16590,17639,17159,14660,10865,8523,6175,3936,2774,1973,1211,594,364,2008,9,F
2008-10-01,366060,57170,74358,69646,45678,13777,16822,18101,17452,14983,11286,8809,6441,4156,2956,2135,1284,618,388,2008,10,F
2008-11-01,370041,57771,74980,70368,46184,13672,16838,18087,17591,15172,11415,8985,6701,4344,3136,2287,1403,687,420,2008,11,F
2008-12-01,376428,58913,76408,71705,47239,13860,16781,18030,17729,15216,11549,9158,6868,4539,3283,2455,1501,755,439,2008,12,F
2009-01-01,393107,62244,79869,74985,49148,14361,17437,18625,18231,15801,12033,9474,7214,4766,3465,2576,1599,800,479,2009,1,F
2009-02-01,403937,63638,81428,76403,50223,14880,17999,19369,18863,16483,12619,9891,7601,5064,3687,2721,1683,863,522,2009,2,F
2009-03-01,411963,64947,82618,77580,51397,15477,18467,19708,19061,16670,12791,10124,7835,5294,3836,2898,1796,913,551,2009,3,F
2009-04-01,428962,67529,85283,80077,53452,15899,18939,20382,19627,17067,13267,10648,8248,5841,4406,3668,2425,1336,868,2009,4,F
2009-05-01,432880,68129,85705,80682,53940,15909,18846,20426,19670,17278,13504,10814,8466,6129,4564,3889,2564,1447,918,2009,5,F
2009-06-01,450307,70444,88258,82875,56567,17407,19769,21191,20408,17958,14121,11436,9028,6606,4879,4160,2695,1532,973,2009,6,F
2009-07-01,466980,72859,90694,85553,58619,18153,20413,21991,21135,18814,14910,12155,9601,7019,5200,4388,2840,1606,1030,2009,7,F
2009-08-01,490078,76033,95106,90114,61938,18951,21010,22823,21870,19561,15825,12948,10338,7548,5500,4694,3017,1713,1089,2009,8,F
2009-09-01,500093,77082,96526,92044,63251,19571,21292,23132,22208,19968,16237,13403,10692,7925,5749,4881,3197,1800,1135,2009,9,F
2009-10-01,512145,78886,98464,94439,64696,20109,21864,23629,22619,20229,16600,13898,11046,8275,5960,5045,3337,1874,1175,2009,10,F
2009-11-01,522388,80727,99869,96390,65979,20809,22080,23932,22823,20530,16919,14313,11462,8618,6133,5191,3470,1918,1225,2009,11,F
2009-12-01,532381,82420,101569,98163,67158,21133,22264,24225,23027,20851,17224,14698,11860,8933,6381,5509,3627,2035,1304,2009,12,F
2010-01-01,545946,84480,103288,99878,68785,22006,22958,25092,23833,21623,17800,15200,12301,9295,6558,5667,3718,2119,1345,2010,1,F
2010-02-01,553993,84647,103627,100523,69405,22722,23685,25820,24614,22257,18500,15743,12822,9695,6758,5805,3809,2187,1374,2010,2,F
2010-03-01,567768,88613,106296,102969,71031,23510,24087,26052,24628,22445,18727,15963,13042,9959,6920,5938,3926,2261,1401,2010,3,F
2010-04-01,580552,91034,108204,104919,72313,24083,24838,26762,25265,23060,19320,16391,13442,10247,7049,5971,3958,2283,1413,2010,4,F
2010-05-01,585264,91624,108461,105340,72923,24230,25048,26911,25256,23183,19423,16624,13679,10663,7371,6344,4240,2442,1502,2010,5,F
2010-06-01,588933,92134,108094,105268,73038,25082,25618,27380,25474,23330,19618,16731,13918,10867,7528,6464,4323,2520,1546,2010,6,F
2010-07-01,597251,93072,108961,106399,73771,25614,26124,27794,25737,23701,19988,17151,14321,11364,7778,6698,4498,2651,1629,2010,7,F
2010-08-01,607142,94242,110042,107811,74911,26209,26718,28609,26297,24273,20424,17464,14534,11626,7995,6911,4600,2785,1691,2010,8,F
2010-09-01,618692,95417,111187,109919,76319,26750,27330,28913,26769,24696,20950,17834,15599,12185,8330,7120,4741,2881,1752,2010,9,F
2010-10-01,624650,95936,111951,111144,76945,27226,27557,29251,27153,25086,21254,18136,15358,12176,8500,7276,4887,2984,1830,2010,10,F
2010-11-01,634171,97614,113398,112921,78315,27659,27977,29652,27332,25178,21545,18387,15688,12373,8731,7416,5023,3088,1874,2010,11,F
2010-12-01,642501,98677,114461,114590,79296,28004,28262,30001,27608,25490,21955,18634,16082,12712,8886,7602,5154,3160,1927,2010,12,F
2011-01-01,642620,99145,114038,114912,79239,27784,28064,29843,27428,25380,21962,18680,16160,12811,9068,7667,5259,3215,1965,2011,1,F
2011-02-01,652239,100024,114708,115887,79846,28673,28619,30679,28138,26246,22607,19115,16737,13187,9294,7791,5418,3265,2005,2011,2,F
2011-03-01,660169,101239,115657,117199,80671,29347,29082,30852,28178,26501,22974,19367,17035,13427,9579,8009,5593,3391,2068,2011,3,F
2011-04-01,670931,103380,116747,118766,81403,29950,29821,31508,28556,26911,23369,19777,17453,13774,9903,8199,5807,3469,2138,2011,4,F
2011-05-01,667223,102880,115354,117544,80871,30180,29787,31333,28357,26660,23187,19655,17498,13809,10080,8327,5926,3564,2211,2011,5,F
2011-06-01,678683,104433,117028,119825,82174,30723,30185,31649,28832,26944,23634,20179,17896,14209,10478,8490,6088,3633,2283,2011,6,F
2011-07-01,688994,105427,118083,121434,83242,31468,30958,32278,29213,27502,24133,20745,18297,14440,10802,8643,6259,3699,2371,2011,7,F
2011-08-01,698526,105824,118695,122631,84924,32104,31698,33095,29779,27965,24631,21065,18775,14731,11175,8825,6383,3793,2433,2011,8,F
2011-09-01,702887,106510,119096,122950,85369,32470,31725,32918,29770,27950,24861,21878,19652,15042,11271,8815,6401,3784,2425,2011,9,F
2011-10-01,701768,106049,118218,122077,84937,33176,32179,33026,29778,27929,24913,21440,19179,15239,11535,9050,6614,3919,2510,2011,10,F
2011-11-01,705800,106600,118512,122631,85122,33411,32265,33041,29835,28095,25239,21721,19462,15563,11735,9171,6842,3971,2584,2011,11,F
2011-12-01,706128,106438,118532,122603,84977,33295,32150,33071,29822,28015,25391,21932,19587,15788,11891,9189,6848,3981,2618,2011,12,F
2012-01-01,707712,106441,118269,122865,84824,33414,32170,33119,29869,27956,25577,22175,19745,15914,12040,9369,7064,4159,2742,2012,1,F
2012-02-01,716404,107577,118794,124096,85276,33847,32728,33932,30461,28484,26183,22707,20156,16239,12319,9481,7111,4216,2797,2012,2,F
2012-03-01,726785,109977,119985,125691,86289,34929,33205,34041,30687,28636,26541,22947,20465,16608,12560,9685,7316,4327,2896,2012,3,F
2012-04-01,730733,110990,120375,126355,86312,35187,33566,34154,30735,28717,26580,23164,20670,16731,12669,9815,7371,4403,2939,2012,4,F
2012-05-01,736874,111419,120872,127197,86961,35760,33948,34422,30912,29012,27004,23471,20959,17006,12916,9980,7552,4479,3004,2012,5,F
2012-06-01,744554,113037,121601,128342,87142,36453,34337,34779,31325,29307,27259,23876,21265,17296,13162,10086,7638,4593,3056,2012,6,F
2012-07-01,719467,108941,117280,124630,85585,34618,32200,32830,29633,28082,26358,23249,20888,16996,13003,10012,7590,4552,3020,2012,7,F
2012-08-01,753643,113516,121197,129246,89786,37445,34925,35533,31679,29906,27801,24246,21679,17614,13229,10367,7743,4628,3103,2012,8,F
2012-09-01,762762,114838,122207,130921,90557,38076,35362,35838,31950,30161,28159,24677,22057,18011,13391,10694,7910,4782,3171,2012,9,F
2012-10-01,759966,113969,121880,131045,90613,37941,35173,35554,31682,30017,28105,24382,21937,17807,13291,10723,7899,4777,3171,2012,10,F
2012-11-01,763275,114382,122507,131827,90348,37966,35404,35704,31799,30123,28219,24614,22027,18054,13425,10841,7982,4844,3209,2012,11,F
2012-12-01,767641,115266,122896,132422,90340,38072,35627,36180,32082,30384,28495,24848,22194,18284,13581,10914,8023,4811,3222,2012,12,F
2013-01-01,768042,115682,123065,133105,90171,37855,35356,35898,31872,30237,28435,24897,22242,18389,13629,10982,8090,4861,3276,2013,1,F
2013-02-01,774382,116880,123492,133705,89986,38391,35850,36374,32362,30540,28915,25331,22559,18645,13851,11072,8172,4918,3339,2013,2,F
2013-03-01,781420,118404,124196,135044,90805,39149,36283,36569,32359,30463,28907,25424,22720,18753,14039,11366,8367,5118,3454,2013,3,F
2013-04-01,784782,118554,124639,135759,91177,39112,36411,36524,32469,30661,28978,25626,22964,18961,14269,11467,8513,5164,3534,2013,4,F
2013-05-01,794846,119711,126083,137513,91888,39823,36776,36967,32777,30991,29492,26083,23489,19377,14605,11691,8677,5292,3611,2013,5,F
2013-06-01,803891,120717,127325,138954,92799,40424,37309,37609,33115,31345,29846,26510,23742,19659,14829,11825,8789,5418,3676,2013,6,F
2013-07-01,804868,120309,126984,138866,92407,40595,37571,37736,33313,31563,29995,26766,23895,19861,14971,11948,8898,5459,3731,2013,7,F
2013-08-01,816352,122213,128424,140052,95339,41274,38194,38156,33605,32099,30335,27024,24145,20106,15170,12028,8938,5479,3771,2013,8,F
2013-09-01,819934,122582,128928,140275,95534,41312,38123,38265,33812,32185,30433,27411,24582,20509,15445,12138,9034,5520,3846,2013,9,F
2013-10-01,820974,121425,129055,140695,95981,41651,38336,38302,33859,32326,30597,27498,24440,20510,15528,12203,9090,5591,3887,2013,10,F
2013-11-01,830976,124318,130576,142029,97558,41962,38587,38400,34164,32550,30815,27778,24634,20704,15750,12374,9149,5670,3958,2013,11,F
2013-12-01,834221,124753,131225,142315,98222,42041,38710,38375,34288,32543,30839,28015,24759,20817,15857,12470,9235,5741,4016,2013,12,F
2014-01-01,832468,125166,131374,142206,97926,41614,38508,38184,34302,32382,30657,27850,24478,20709,15832,12345,9237,5708,3990,2014,1,F
2014-02-01,836902,126103,131892,142261,97571,42129,38948,38697,34729,32755,31119,28203,24719,20948,15863,12314,9116,5611,3924,2014,2,F
2014-03-01,843624,126942,132587,143292,98539,42996,39655,38888,34643,32646,30966,28343,24859,21247,16129,12576,9402,5804,4110,2014,3,F
2014-04-01,851844,128329,133782,144784,100120,43083,39543,38788,34713,32865,31208,28755,25170,21676,16475,12758,9617,5949,4229,2014,4,F
2014-05-01,863175,130943,135188,146154,101434,43922,40383,39150,35182,33272,31508,29075,25327,21913,16776,12817,9751,6048,4332,2014,5,F
2014-06-01,870886,132260,136137,146994,102480,44303,40809,39389,35482,33504,31692,29416,25652,22199,17135,12963,9866,6167,4438,2014,6,F
2014-07-01,873748,132509,136796,147222,102407,44703,40942,39624,35830,33529,32003,29500,25866,22395,17260,12925,9769,6107,4361,2014,7,F
2014-08-01,883972,132589,138442,148518,104151,45289,41796,40380,36534,33976,32437,29826,26209,22626,17518,13059,9963,6182,4477,2014,8,F
2014-09-01,887465,132718,139140,148756,105030,45736,41786,40174,36539,33983,32606,29909,26478,22775,17699,13197,10087,6315,4537,2014,9,F
2014-10-01,893857,132749,140483,149646,106413,46259,42268,40307,36645,34168,32700,29961,26715,23042,17962,13322,10188,6401,4628,2014,10,F
2014-11-01,897947,132107,141483,150165,107162,46255,42461,40414,36684,34222,32958,30224,27185,23426,18279,13448,10317,6505,4652,2014,11,F
2014-12-01,899513,134526,142030,150005,107229,46010,42251,39923,36578,33919,32909,30129,27171,23451,18240,13474,10420,6559,4689,2014,12,F
2015-01-01,904189,134239,142329,149583,106416,47122,43259,39981,36622,33823,32867,30206,27481,23906,19084,14109,11146,6959,5057,2015,1,F
2015-02-01,909401,134393,142512,149407,106544,47444,44050,40195,37018,34047,33131,30558,27783,24335,19663,14394,11517,7203,5207,2015,2,F
2015-03-01,922579,137148,144506,151159,109447,48221,44747,40460,37127,34051,33293,30714,27947,24648,20042,14596,11757,7356,5360,2015,3,F
2015-04-01,930200,139163,145446,151908,110891,48690,44821,40701,37158,34126,33579,30865,28140,24819,20369,14732,11884,7438,5470,2015,4,F
2015-05-01,938126,140015,146624,152892,111858,49400,45303,41218,37421,34378,33925,31223,28357,25073,20605,14764,11970,7514,5586,2015,5,F
2015-06-01,941419,140335,147080,153203,112443,49514,45762,41221,37634,34382,34021,31381,28453,25209,20741,14841,12008,7570,5621,2015,6,F
2015-07-01,941858,139117,147152,152718,112557,49533,46044,41507,37818,34523,34151,31570,28559,25350,20948,14911,12051,7640,5709,2015,7,F
2015-08-01,948017,141386,147644,152783,113367,49741,46604,41820,38220,34788,34350,31708,28640,25411,21082,15001,12081,7587,5804,2015,8,F
2015-09-01,948859,141148,147645,151984,114693,49758,46626,41916,38154,34801,34223,31868,28650,25562,21127,15112,12105,7603,5884,2015,9,F
2015-10-01,955843,141168,149181,152955,116364,50274,46606,41913,38347,34933,34392,32190,28927,25917,21406,15303,12248,7732,5987,2015,10,F
2015-11-01,957153,142116,149823,153304,116409,50098,46643,41592,38227,34874,34250,32154,28871,26026,21392,15332,12253,7768,6021,2015,11,F
2015-12-01,951569,138682,149152,152034,116300,49993,46759,41427,38095,34723,34309,32266,28777,26015,21510,15330,12267,7837,6093,2015,12,F
2016-01-01,958897,142433,150755,152877,117086,49847,46724,41241,38137,34663,34296,32293,28799,26178,21642,15508,12352,7927,6139,2016,1,F
2016-02-01,966962,144419,151491,153220,117331,50441,47383,41751,38732,35224,34942,32809,29138,26459,21691,15615,12277,7914,6125,2016,2,F
2016-03-01,982139,147911,155475,156241,120007,51129,47774,41840,38627,35015,35039,32767,29251,26706,21802,15844,12454,8029,6228,2016,3,F
2016-04-01,986854,148580,156292,156277,121035,51564,48170,42033,38756,35213,35054,32975,29377,26772,21909,15978,12506,8080,6283,2016,4,F
2016-05-01,996493,151785,158180,157434,122579,51623,48305,42061,38948,35422,35226,33086,29549,26957,22077,16115,12563,8197,6386,2016,5,F
2016-06-01,996694,150532,158614,157359,121924,51892,48786,42439,39139,35465,35231,33079,29664,26982,22097,16225,12545,8273,6448,2016,6,F
2016-07-01,1009912,154552,160811,158747,122343,52149,49312,42921,39470,35850,35738,33663,30160,27503,22345,16679,12718,8424,6527,2016,7,F
2016-08-01,1013004,152308,161103,158218,125039,52986,49935,43508,39956,36046,35730,33664,30124,27544,22261,16849,12705,8467,6561,2016,8,F
2016-09-01,1022039,154050,163408,159527,126765,53146,50062,43535,39891,36161,35927,33945,30403,27800,22448,17091,12741,8570,6569,2016,9,F
2016-10-01,1024661,153740,164005,159729,126750,53464,50181,43782,40221,36265,36094,34155,30583,27876,22532,17244,12764,8651,6625,2016,10,F
2016-11-01,1021671,153119,163570,158957,126133,53172,49990,43485,39756,35940,35796,34207,30807,28179,23141,17404,12822,8675,6518,2016,11,F
2016-12-01,1024164,153839,164572,159856,126558,52896,49900,43397,39784,36038,35711,34402,30702,28030,23036,17450,12807,8706,6480,2016,12,F
2017-01-01,1021660,153155,164776,159617,126045,52719,49673,43200,39783,35894,35692,34364,30546,27785,22815,17485,12819,8722,6570,2017,1,F
2017-02-01,1034339,155853,166942,161087,127205,53234,50668,43670,40294,36423,36213,35065,30856,27991,22980,17609,12834,8763,6652,2017,2,F
2017-03-01,1041258,157049,168616,161968,128540,53703,51171,43915,40419,36324,35793,35147,31060,28316,23238,17774,12868,8705,6652,2017,3,F
2017-04-01,1053427,159722,171059,164132,130574,53933,51482,44011,40374,36408,36134,35428,31299,28445,23458,18074,13133,8927,6834,2017,4,F
2017-05-01,1066860,161716,173107,166031,132586,54616,51996,44561,40804,36845,36578,35882,31750,28752,23843,18419,13319,9098,6957,2017,5,F
2017-06-01,1075849,163277,175131,167290,134208,55065,52397,45070,41105,37064,36927,36077,31850,28851,23743,18397,13306,9092,6999,2017,6,F
2017-07-01,1087201,165190,177183,167973,136175,55599,53228,45771,41686,37362,37310,36624,32012,29099,23907,18430,13426,9162,7064,2017,7,F
2017-08-01,1095410,165016,177681,167415,136950,55774,53822,46729,42970,38300,38301,37641,32806,29765,24347,18291,13484,9076,7042,2017,8,F
2017-09-01,1094116,164946,178887,167500,137775,56047,54089,46411,42522,37692,37728,36825,32085,29274,24197,18192,13699,9156,7091,2017,9,F
2017-10-01,1095589,164499,179214,167350,138435,56043,54051,46336,42407,37809,37784,36999,32049,29472,24437,18306,13936,9271,7191,2017,10,F
2017-11-01,1102943,165983,180413,167869,139012,56081,54135,46225,42358,37805,37938,37551,33104,30215,24987,18538,14176,9339,7214,2017,11,F
2017-12-01,1107403,166963,182137,168667,139391,56076,54225,46328,42637,37955,38063,37508,32760,30023,24959,18650,14323,9436,7302,2017,12,F
2018-01-01,1109908,167001,183138,169052,140065,56017,54130,46177,42554,37953,38237,37459,32911,30110,25055,18686,14391,9543,7429,2018,1,F
2018-02-01,1115780,168739,183898,169112,140395,56315,54734,46492,42871,38291,38399,37699,33164,30330,25145,18784,14443,9558,7411,2018,2,F
2018-03-01,1110933,167174,184238,168806,141213,55125,53689,45804,42085,37677,38003,37491,33206,30410,25228,19035,14549,9673,7527,2018,3,F
2018-04-01,1136554,172574,187548,171079,144495,57411,55849,47166,43115,38421,38769,38281,33872,30825,25585,19337,14732,9852,7643,2018,4,F
2018-05-01,1140216,173172,187899,171516,145486,57650,55877,47151,43226,38472,38897,38304,33993,31019,25802,19427,14750,9872,7703,2018,5,F
2018-06-01,1150963,175591,189479,172738,147097,58107,56764,47737,43556,38644,39248,38467,34361,31091,25949,19588,14824,9944,7778,2018,6,F
2018-07-01,1158338,176589,190438,173610,148103,58662,57255,48171,43805,38820,39531,38648,34712,31254,26191,19699,14947,10032,7871,2018,7,F
2018-08-01,1148676,175249,189808,173070,147559,57054,55466,47136,42788,38217,39206,38400,34628,31136,26217,19755,14930,10121,7936,2018,8,F
2018-09-01,1166396,176813,191692,174925,149037,59131,57653,48619,44163,39134,39826,38922,35193,31443,26554,19971,15075,10195,8050,2018,9,F
2018-10-01,1171694,176721,193406,176476,150561,59222,57725,48505,44098,39176,39824,38935,35259,31569,26685,20080,15122,10276,8054,2018,10,F
2018-11-01,1181895,178369,195507,178387,151298,59368,58148,48891,44302,39549,40128,39262,35700,31816,26961,20354,15316,10330,8209,2018,11,F
2018-12-01,1184037,178663,196155,179107,151167,59261,58093,48931,44242,39555,40094,39218,35917,32000,27100,20467,15374,10427,8266,2018,12,F
2019-01-01,1184501,178053,196678,179164,150856,59338,58110,48825,44284,39517,40110,39366,36012,32029,27268,20623,15412,10478,8378,2019,1,F
2019-02-01,1190383,179185,197533,179876,150916,59576,58602,49368,44498,39804,40293,39653,36300,32195,27498,20730,15455,10504,8397,2019,2,F
2019-03-01,1198298,179911,199180,180785,151968,60673,59040,49904,44780,39925,40401,39776,36397,32366,27733,20899,15495,10592,8473,2019,3,F
2019-04-01,1202493,180998,200024,180973,152895,60539,59295,49942,44642,39962,40532,39836,36571,32521,27804,21085,15567,10730,8577,2019,4,F
2019-05-01,1198187,178317,199596,180381,152988,60098,58984,49808,44345,39929,40480,39788,36694,32532,27916,21337,15507,10791,8696,2019,5,F
2019-06-01,1202359,179710,200366,180831,151633,60407,59149,50297,44602,40253,40637,39997,37037,32867,28058,21469,15471,10863,8712,2019,6,F
2019-07-01,1206766,181083,200993,181712,151929,60595,59609,50599,44716,40436,40503,40028,36794,32874,28080,21633,15500,10858,8824,2019,7,F
2019-08-01,1212463,181816,201380,182548,152776,60692,59888,51190,45017,40735,40864,40597,36925,32910,28117,21648,15511,10911,8938,2019,8,F
2019-09-01,1216275,182267,202294,183778,153145,60887,59977,51225,45077,40964,40697,40219,36971,33186,28177,21791,15623,10987,9010,2019,9,F
2019-10-01,1217392,181238,202574,184501,152560,60990,60129,51557,44949,41133,40734,40326,36962,33415,28435,22020,15700,11071,9098,2019,10,F
2019-11-01,1219171,182672,203182,185521,152349,60846,59508,51182,44626,41007,40588,40479,36925,33594,28541,22199,15675,11105,9172,2019,11,F
2019-12-01,1212665,179727,199772,182995,149633,61319,60161,51850,45133,41488,40844,40784,37130,33929,29043,22593,15838,11217,9209,2019,12,F
2020-01-01,1211101,180470,201170,185023,150199,60439,59011,50999,44271,40898,40394,40383,36901,33679,28710,22475,15525,11274,9280,2020,1,F
2020-02-01,1213498,181525,201223,185660,149642,60782,59050,51208,44160,40859,40313,40495,37131,33821,28885,22671,15461,11316,9296,2020,2,F
2020-03-01,1220312,183097,202024,186664,150403,61469,59708,51852,44441,40988,40365,40617,37214,33704,28891,22804,15433,11304,9334,2020,3,F
2020-04-01,1142228,169004,189364,175347,142554,59326,56180,48664,41276,38025,37130,37512,34552,31266,26826,21293,14418,10634,8857,2020,4,F
2020-05-01,1352813,167596,190818,176881,149417,92011,96248,81433,68416,59949,53587,49469,42045,35788,29981,23137,15392,11205,9440,2020,5,F
2020-06-01,1404318,170583,195520,181071,154308,96399,100632,85439,71133,62426,56216,52282,44779,38273,32038,24734,16355,11927,10203,2020,6,F
2020-07-01,1323664,171654,197138,182606,154786,81680,82437,71138,59901,53607,49425,47805,42005,36577,31058,24226,15935,11610,10076,2020,7,F
2020-08-01,1278422,169165,194951,180726,154617,75997,74215,64949,54825,49622,46173,45608,40398,35536,30458,23917,15760,11526,9979,2020,8,F
2020-09-01,1281775,168182,194885,180364,156027,76980,74488,65344,55047,49892,46322,45589,40582,35579,30773,24129,15937,11591,10064,2020,9,F
2020-10-01,1278361,169264,196034,182169,158650,75208,71255,63321,53588,48799,46000,45429,40908,35653,30885,24007,15877,11423,9891,2020,10,F
2020-11-01,1254331,167328,193442,179891,157665,73597,68799,61479,51885,47492,44534,43914,39519,34498,30163,23583,15586,11217,9739,2020,11,F
2020-12-01,1271099,170060,197138,183261,161137,74324,68635,61629,51954,47754,44726,44139,40125,34773,30519,23876,15753,11387,9909,2020,12,F
2021-01-01,1228521,165571,192343,179075,157274,69575,63914,58336,50030,46483,43951,43488,38920,33089,28983,22527,14941,10757,9264,2021,1,F
2021-02-01,1130687,161593,186271,172783,135494,56745,56905,51644,43454,39727,37530,38082,35260,31124,27862,21950,14651,10533,9079,2021,2,F
2021-03-01,1148402,165666,189932,176364,133071,56770,58073,53003,44442,40491,38205,39091,35928,31718,28412,22276,15002,10675,9283,2021,3,F
2021-04-01,1152427,166341,190450,176585,132439,56639,58481,53463,44712,40708,38600,39322,36218,31922,28676,22520,15265,10754,9332,2021,4,F
2021-05-01,1168098,168742,193404,179562,136575,57905,58656,53704,44804,41045,38834,39565,36325,32281,28711,22504,15333,10822,9326,2021,5,F
2021-06-01,1156854,168958,193365,180021,134181,55165,56557,52371,43621,40177,38144,39294,36094,32216,28728,22507,15446,10763,9246,2021,6,F
2021-07-01,1177785,171249,195766,182969,136262,56543,58179,53902,44978,41266,39108,40222,36898,32779,29183,22612,15790,10745,9334,2021,7,F
2021-08-01,1192826,172202,197518,185363,137731,57209,58998,54991,45576,42034,39816,40826,37567,33390,30059,22972,16245,10892,9437,2021,8,F
2021-09-01,1242215,170965,197705,187025,138470,62650,66200,62052,51788,47500,44250,44816,40576,35256,31219,23835,16897,11249,9762,2021,9,F
2021-10-01,1199643,174199,198073,187722,138444,56176,58265,54792,45499,42116,39942,41200,38197,33905,30366,23319,16639,11090,9699,2021,10,F
2021-11-01,1208897,175831,199582,189855,139404,55742,58350,55044,45698,42426,40355,41591,38891,34225,30600,23586,16802,11134,9781,2021,11,F
2021-12-01,1205598,175308,198855,189705,138625,54878,57820,54795,45487,42256,40412,41529,39186,34434,30697,23775,16912,11088,9836,2021,12,F
2022-01-01,1209544,176518,200393,191850,139107,54364,56950,54318,45141,42240,40474,41669,39429,34542,30629,23883,16998,11108,9931,2022,1,F
2022-02-01,1207023,176683,199206,191547,138052,53995,56868,54302,45103,42187,40472,41647,39599,34796,30684,23915,17056,11003,9908,2022,2,F
2022-03-01,1227881,180591,202940,195564,140831,54650,57218,55154,45489,42540,40872,42258,40241,35343,31177,24307,17399,11205,10102,2022,3,F
2022-04-01,1226944,179689,203210,196051,139906,54130,56898,55093,45506,42619,40840,42454,40607,35517,31319,24406,17402,11159,10138,2022,4,F
2022-05-01,1233083,182294,204532,197110,140623,54010,56882,55564,45749,42693,40822,42288,40407,35551,31207,24526,17490,11174,10161,2022,5,F
2022-06-01,1242051,183465,206432,198946,141362,53906,56758,55970,46096,42904,41200,42653,40798,35928,31649,24720,17699,11272,10293,2022,6,F
2022-07-01,1243733,184260,207456,200215,141504,54144,56042,55287,45636,42708,41133,42564,40904,35940,31725,24825,17672,11357,10361,2022,7,F
2022-08-01,1255044,185089,209291,202407,142637,54645,56485,56185,46183,43296,41459,42961,41450,36263,32038,25146,17630,11520,10359,2022,8,F
2022-09-01,1255102,184812,209566,203491,142151,54390,56106,55940,46076,43183,41426,43156,41520,36330,31967,25278,17515,11715,10480,2022,9,F
2022-10-01,1260419,184481,210510,204715,142341,54518,55757,56014,46080,43407,41828,43538,42487,37209,32493,25431,17500,11762,10348,2022,10,F
2022-11-01,1259753,184522,211453,205445,142080,54109,55424,55846,46023,43238,41665,43420,42045,36634,32398,25622,17606,11849,10374,2022,11,F
2022-12-01,1257159,184160,211522,206185,141658,53643,54585,55373,45727,43236,41478,43403,42046,36534,32237,25433,17530,11930,10479,2022,12,F
2023-01-01,1262547,183004,211284,206003,140750,54576,55752,56812,46722,44023,42130,43870,42406,36924,32454,25651,17613,12035,10538,2023,1,F
2023-02-01,1257059,182732,211247,206165,140249,53895,54732,55855,45989,43512,41681,43421,42250,36874,32567,25597,17666,12092,10535,2023,2,F
2023-03-01,1269550,185644,214269,208805,141847,53847,54624,56012,46210,43615,42046,43757,42544,37206,32839,25699,17799,12162,10625,2023,3,F
2023-04-01,1248288,181986,210881,205594,139185,52625,53568,54870,45394,42674,41216,43072,42049,36728,32482,25407,17836,12080,10641,2023,4,F
2023-05-01,1264596,184424,213495,208154,141131,53044,53948,55825,46004,43374,41733,43831,42618,37439,32869,25812,18044,12120,10731,2023,5,F
2023-06-01,1261017,184343,213879,208296,140869,52312,53093,55349,45597,43016,41289,43566,42357,37495,32795,25864,18051,12096,10750,2023,6,F
2023-07-01,1266789,182731,212599,207047,140580,55361,56155,57462,46991,43748,41486,43595,42193,37487,32523,25878,18062,12093,10798,2023,7,F
2023-08-01,1253258,180597,211333,206307,139830,52086,53444,56095,46211,43262,41360,43553,42046,37505,32607,25895,18093,12144,10890,2023,8,F
2023-09-01,1253413,181013,212289,207497,140288,51130,52559,55300,45792,43068,41255,43501,42083,37698,32753,25991,18158,12151,10887,2023,9,F
2023-10-01,1258934,180514,212673,208361,140996,51047,52944,55455,45820,43070,41372,43921,43052,38824,33393,26341,18237,12106,10808,2023,10,F
2023-11-01,1254741,180083,212691,208918,140750,50317,52241,55031,45550,42873,41327,43667,42466,38141,33100,26333,18295,12164,10794,2023,11,F
2023-12-01,1249934,179562,212282,208794,140500,49306,51171,54328,45169,42295,41236,43693,42336,38277,33119,26432,18408,12171,10855,2023,12,F
