Periodo de Cobertura,Total Cotizantes,15-19,20-24,25-29,30-34,35-39,40-44,45-49,50-54,55-59,60-64,65-69,70-74,75-79,80-84,85 y mas,No Especificada,Year,Month,Sexo
2007-09-01,486512,9157,69747,89982,77986,66429,55521,40090,30696,20737,12425,6952,3694,1884,662,548,2,2007,9,M
2007-10-01,518603,9846,70943,92605,81501,70281,60337,45110,34834,23532,13996,8014,4156,2117,725,604,2,2007,10,M
2007-11-01,523979,9796,72363,93966,82368,71115,60747,45456,34851,23637,14052,7992,4195,2111,723,605,2,2007,11,M
2007-12-01,539488,10666,74523,96694,84717,72920,62213,46762,35947,24520,14487,8262,4294,2135,729,617,2,2007,12,M
2008-01-01,536970,9854,73548,96092,84815,72884,62137,46674,35827,24442,14489,8329,4354,2159,745,619,2,2008,1,M
2008-02-01,531330,9658,73120,95495,84007,71974,61558,46110,35419,23937,14227,8109,4269,2117,726,602,2,2008,2,M
2008-03-01,545271,9901,74690,97456,85963,73887,63287,47539,36390,24719,14873,8520,4469,2191,761,623,2,2008,3,M
2008-04-01,555570,11293,77405,99177,87312,74609,64058,48309,36867,24857,15040,8591,4473,2186,767,625,1,2008,4,M
2008-05-01,549271,10346,75279,97818,86066,73989,63510,48345,37016,24942,15201,8596,4534,2216,776,636,1,2008,5,M
2008-06-01,562936,10814,76739,99749,87814,75658,64928,49834,38167,25844,15877,9010,4733,2298,810,659,2,2008,6,M
2008-07-01,556411,10583,75761,98212,86551,74750,64038,49501,37921,25708,15779,9055,4737,2336,818,659,2,2008,7,M
2008-08-01,566372,11858,77896,99689,87544,75564,64844,50321,38457,26176,16095,9240,4809,2376,841,660,2,2008,8,M
2008-09-01,560752,11558,77121,98585,86776,74924,64082,49971,38140,25961,16001,9087,4726,2343,825,651,1,2008,9,M
2008-10-01,564960,10760,76357,99029,87849,75721,64797,50789,38727,26560,16316,9259,4860,2404,860,670,2,2008,10,M
2008-11-01,562181,11040,76244,97829,86976,74925,64283,50805,38742,26728,16474,9289,4911,2412,868,654,1,2008,11,M
2008-12-01,555896,10824,75280,96475,86047,73942,63404,50357,38487,26553,16394,9259,4924,2416,877,656,1,2008,12,M
2009-01-01,562506,10960,76171,97369,87078,74758,64112,50923,38987,27056,16633,9411,5026,2456,898,666,2,2009,1,M
2009-02-01,561337,10843,75759,96680,86695,74678,64185,51000,39069,27196,16673,9498,5022,2474,905,658,2,2009,2,M
2009-03-01,564450,10614,75188,97006,87425,75437,64710,51678,39336,27556,16827,9483,5080,2517,930,661,2,2009,3,M
2009-04-01,571817,10732,76024,97762,88843,76521,65463,52526,39927,28015,17049,9607,5163,2568,938,677,2,2009,4,M
2009-05-01,563115,10462,74952,95745,87437,75159,64327,51839,39374,27870,16999,9555,5219,2570,932,673,2,2009,5,M
2009-06-01,571694,10295,75457,96792,88862,76478,65340,52995,40083,28512,17530,9767,5326,2601,981,674,1,2009,6,M
2009-07-01,584781,10433,76578,98048,90430,77876,67017,54588,41564,29499,18316,10243,5615,2781,1055,737,1,2009,7,M
2009-08-01,614216,11020,78580,100712,93520,81106,70567,57903,44813,32382,20424,11589,6387,3170,1225,816,2,2009,8,M
2009-09-01,620609,11204,79620,101155,94602,81850,71203,58573,45305,32813,20649,11799,6513,3255,1238,827,3,2009,9,M
2009-10-01,618887,10792,79043,100816,94571,81692,71020,58304,45357,32888,20675,11779,6568,3265,1264,850,3,2009,10,M
2009-11-01,621101,10634,79340,100800,94800,81756,71342,58497,45749,33203,21009,11924,6677,3262,1257,848,3,2009,11,M
2009-12-01,624583,10120,79738,100996,95471,81960,71870,58753,46378,33604,21344,12062,6786,3333,1294,871,3,2009,12,M
2010-01-01,627445,10662,80999,101550,95842,82089,71772,58839,46268,33655,21369,12013,6821,3348,1357,858,3,2010,1,M
2010-02-01,630772,10474,81374,101850,96459,82608,72072,59174,46621,33961,21515,12105,6913,3392,1388,864,2,2010,2,M
2010-03-01,643851,10966,83404,103793,98561,84236,73533,60183,47408,34601,22048,12290,7061,3450,1435,880,2,2010,3,M
2010-04-01,656431,11388,85649,105884,100588,85996,74986,61178,47884,35119,22430,12285,7191,3493,1469,889,2,2010,4,M
2010-05-01,649997,10789,84545,104952,99790,84974,74373,60698,47472,35007,22270,12210,7110,3452,1480,873,2,2010,5,M
2010-06-01,642524,10756,84160,103978,99039,83923,73557,59892,46701,34448,21867,11782,6885,3305,1401,828,2,2010,6,M
2010-07-01,647904,11261,85252,104797,99515,84436,74123,60224,46948,34721,22207,11917,6914,3349,1415,824,1,2010,7,M
2010-08-01,651129,11366,85803,105307,100307,84915,74293,60527,47042,34784,22316,11962,6895,3340,1432,838,2,2010,8,M
2010-09-01,654432,11552,86212,105657,100886,85619,74510,61105,47295,34747,22283,11940,6921,3361,1494,848,2,2010,9,M
2010-10-01,655212,11415,86645,105982,101592,85635,74520,61234,47039,34763,22161,11787,6811,3310,1466,850,2,2010,10,M
2010-11-01,662235,11280,87295,106400,102879,86611,75142,62081,47708,35379,22624,12077,6983,3375,1527,872,2,2010,11,M
2010-12-01,669694,11190,88770,107518,103758,87438,75712,62831,48110,35974,22992,12356,7123,3432,1587,901,2,2010,12,M
2011-01-01,667472,11402,88833,106923,103248,86652,75309,62446,47897,36115,23049,12420,7156,3507,1606,907,2,2011,1,M
2011-02-01,668676,10893,87941,106784,103154,87017,75936,63012,48275,36495,23185,12625,7252,3573,1614,918,2,2011,2,M
2011-03-01,676723,11288,89096,108029,104100,88010,76913,63666,48757,36928,23466,12795,7363,3678,1683,949,2,2011,3,M
2011-04-01,684775,11458,90615,109135,105098,88939,77786,64492,49248,37457,23675,12964,7476,3752,1704,974,2,2011,4,M
2011-05-01,667286,10903,88784,107425,103525,87168,75684,62530,47592,36108,22553,12209,6900,3468,1539,896,2,2011,5,M
2011-06-01,675975,10780,88921,107828,104407,88089,76712,63802,48724,37069,23271,12889,7220,3700,1644,917,2,2011,6,M
2011-07-01,687297,11338,90362,108898,105760,89348,77797,64995,49887,37970,23683,13258,7489,3830,1706,974,2,2011,7,M
2011-08-01,690823,11652,90679,109237,106433,89855,78033,65457,50145,38228,23778,13415,7427,3817,1692,973,2,2011,8,M
2011-09-01,688169,11443,90467,109287,106397,89638,77707,65175,49662,37608,23489,13367,7400,3864,1706,957,2,2011,9,M
2011-10-01,689210,11259,90521,109415,106863,89588,77333,65370,49857,37805,23750,13489,7416,3878,1709,955,2,2011,10,M
2011-11-01,690261,10857,90312,109357,106951,89729,77577,65860,50010,38042,23923,13672,7407,3883,1707,972,2,2011,11,M
2011-12-01,694392,11142,91901,110190,107421,89967,77633,66267,50105,38003,23928,13684,7448,3945,1752,1004,2,2011,12,M
2012-01-01,692728,10936,91991,109767,107375,89421,77134,65950,50051,38009,24052,13812,7470,3994,1759,1005,2,2012,1,M
2012-02-01,693190,10325,91045,109836,107618,89744,77547,66413,50215,38115,24226,13868,7470,3989,1762,1015,2,2012,2,M
2012-03-01,704465,10585,92841,111205,108909,91147,78636,67785,51156,38766,24776,14069,7604,4075,1845,1064,2,2012,3,M
2012-04-01,707895,10564,93394,111825,109268,91795,79047,68227,51365,38819,24907,14181,7553,4059,1828,1061,2,2012,4,M
2012-05-01,711265,10185,93334,112413,109595,91903,79446,68913,51946,39279,25124,14351,7670,4119,1889,1096,2,2012,5,M
2012-06-01,715871,10179,94108,113074,110011,92442,79872,69267,52206,39691,25370,14511,7809,4262,1954,1113,2,2012,6,M
2012-07-01,689025,8838,89125,109145,106110,89210,76996,67080,50590,38527,24588,14098,7608,4115,1909,1084,2,2012,7,M
2012-08-01,712662,10449,93391,112202,109165,92102,79541,69149,52085,39588,25323,14475,7932,4219,1943,1096,2,2012,8,M
2012-09-01,719153,10869,94443,112956,110357,92762,80100,69902,52481,39847,25546,14504,8068,4239,1962,1115,2,2012,9,M
2012-10-01,713973,10467,93446,112060,109784,92177,79393,69476,52241,39601,25427,14486,8093,4248,1956,1116,2,2012,10,M
2012-11-01,719151,10364,94439,112642,110555,92810,79859,69972,52795,39887,25698,14594,8131,4269,1996,1138,2,2012,11,M
2012-12-01,723474,10676,95762,113400,111123,93163,80166,70283,53004,39910,25796,14653,8156,4275,1979,1126,2,2012,12,M
2013-01-01,724531,10028,95521,113480,111216,93301,80361,70545,53402,40296,25961,14722,8252,4329,1987,1128,2,2013,1,M
2013-02-01,728014,10512,96693,114451,111747,93805,80469,70691,53469,40255,25771,14608,8165,4276,1972,1128,2,2013,2,M
2013-03-01,734310,10196,97116,115227,112480,94504,81256,71476,54137,40834,26133,15007,8377,4370,2032,1163,2,2013,3,M
2013-04-01,736518,10157,97205,115424,112458,94919,81360,71765,54676,41098,26271,15143,8400,4397,2060,1183,2,2013,4,M
2013-05-01,744230,9823,97769,116503,113616,96005,82396,72351,55626,41815,26618,15502,8459,4473,2089,1183,2,2013,5,M
2013-06-01,748935,9677,98072,116984,114409,96400,83201,72732,56301,42167,26930,15666,8561,4529,2114,1190,2,2013,6,M
2013-07-01,751758,10329,98978,117184,114238,96531,83556,72829,56597,42357,27100,15669,8563,4515,2123,1188,1,2013,7,M
2013-08-01,757041,10308,99664,117826,115155,97240,84235,73094,57084,42776,27312,15840,8661,4523,2109,1212,2,2013,8,M
2013-09-01,757707,10230,99448,117804,115175,97556,84438,73196,57240,42788,27321,15930,8707,4528,2129,1215,2,2013,9,M
2013-10-01,755745,9445,98173,117392,114926,97790,84325,73131,57612,42812,27496,16014,8734,4535,2141,1217,2,2013,10,M
2013-11-01,765847,9827,100074,118882,116199,99152,85369,73714,58363,43388,27863,16192,8845,4578,2178,1221,2,2013,11,M
2013-12-01,770140,9784,101001,119903,116648,99482,85664,73947,58848,43579,28053,16332,8900,4606,2164,1227,2,2013,12,M
2014-01-01,770614,9811,101464,119878,116337,99280,85614,73804,58890,43781,28237,16443,8993,4637,2186,1257,2,2014,1,M
2014-02-01,772005,9821,101878,120292,116629,99749,85760,73874,58699,43656,28189,16372,9013,4621,2183,1267,2,2014,2,M
2014-03-01,775297,9884,102308,120907,117091,100359,86571,74006,58931,43718,28295,16417,8929,4527,2141,1211,2,2014,3,M
2014-04-01,786288,9793,103214,122377,118049,101816,87539,75084,60124,44762,29022,16907,9230,4771,2298,1300,2,2014,4,M
2014-05-01,795163,10199,104810,123947,119050,102952,88510,75776,60790,45178,29352,17093,9211,4751,2280,1262,2,2014,5,M
2014-06-01,800772,10444,105566,124725,119285,103472,89111,76079,61355,45613,29702,17462,9371,4877,2366,1342,2,2014,6,M
2014-07-01,801220,10470,105410,124741,119184,103700,88933,76121,61357,45827,29806,17623,9434,4879,2374,1359,2,2014,7,M
2014-08-01,809296,10932,106857,126200,119924,104699,89774,76782,62031,46348,30165,17677,9378,4870,2331,1326,2,2014,8,M
2014-09-01,809925,10775,106099,126428,119719,105088,89936,76879,62041,46576,30351,17821,9480,4973,2386,1371,2,2014,9,M
2014-10-01,813553,10352,105701,127250,120389,106000,90298,77387,62388,46872,30563,17990,9555,5016,2407,1383,2,2014,10,M
2014-11-01,823254,10888,107083,128977,121459,107258,91135,78373,63083,47398,30947,18167,9615,5060,2437,1374,0,2014,11,M
2014-12-01,826517,11144,107889,130087,121508,107782,91142,78650,63045,47574,31011,18204,9606,5059,2444,1372,0,2014,12,M
2015-01-01,828939,11100,108063,130933,121672,107934,91226,78723,63233,47722,31296,18340,9638,5176,2459,1424,0,2015,1,M
2015-02-01,825181,10953,107130,130798,120955,107693,90803,78353,62937,47532,31196,18220,9614,5149,2445,1403,0,2015,2,M
2015-03-01,831612,10538,106283,131344,121918,108898,91922,79473,63784,48087,31713,18708,9725,5284,2492,1443,0,2015,3,M
2015-04-01,848700,11943,110075,133978,123760,110867,93247,80859,64757,48748,32328,19084,9799,5321,2467,1467,0,2015,4,M
2015-05-01,856419,12077,111247,135269,124673,111898,94067,81531,65347,49040,32785,19267,9897,5389,2458,1474,0,2015,5,M
2015-06-01,861430,12474,111950,136284,125342,112320,94350,81973,65664,49190,33128,19427,9954,5427,2456,1491,0,2015,6,M
2015-07-01,862681,12436,112018,136883,125428,112531,94241,81924,65796,49306,33160,19574,9957,5458,2464,1505,0,2015,7,M
2015-08-01,864874,13001,112863,137490,125529,112757,94521,81817,65876,49140,33035,19579,9915,5375,2463,1513,0,2015,8,M
2015-09-01,859767,12537,111253,136898,124760,112352,94288,81383,65803,48947,32979,19426,9866,5333,2424,1518,0,2015,9,M
2015-10-01,872559,12835,112659,139136,126233,114059,95681,82457,66905,49569,33623,19794,10103,5450,2487,1568,0,2015,10,M
2015-11-01,878768,13041,113877,140818,126989,114974,96313,82786,67380,49635,33627,19822,10119,5390,2436,1561,0,2015,11,M
2015-12-01,877028,12850,113263,140975,126805,114758,96120,82607,67397,49358,33624,19803,10117,5361,2426,1564,0,2015,12,M
2016-01-01,881154,12783,113549,141403,126908,115157,96482,83161,67789,49690,34233,20103,10308,5475,2510,1603,0,2016,1,M
2016-02-01,880343,12859,113177,141633,126798,114907,96383,83195,67738,49523,34257,19970,10286,5485,2527,1604,1,2016,2,M
2016-03-01,919680,13205,119289,149100,132408,120083,100691,87276,70503,50913,35171,20557,10623,5649,2571,1641,0,2016,3,M
2016-04-01,920837,13829,119551,149038,132138,120077,100768,87381,70806,51049,35289,20450,10659,5598,2577,1627,0,2016,4,M
2016-05-01,928241,13880,121093,150646,133317,120848,101445,87629,71145,51449,35560,20616,10731,5623,2618,1641,0,2016,5,M
2016-06-01,924360,13923,120517,150703,133122,120874,101107,87165,70647,50985,34983,20188,10539,5462,2554,1590,1,2016,6,M
2016-07-01,932690,14867,122766,151582,133585,121383,101599,87515,71145,51555,35507,20454,10907,5547,2634,1643,1,2016,7,M
2016-08-01,930008,14848,122754,151174,133300,121246,101276,86909,70960,51428,35313,20254,10823,5508,2591,1623,1,2016,8,M
2016-09-01,933536,14624,122815,152255,134122,121879,101537,87066,71246,51576,35368,20376,10902,5517,2625,1627,1,2016,9,M
2016-10-01,940239,15265,124021,153218,134442,122564,101959,87644,72171,51865,35591,20549,11045,5612,2632,1660,1,2016,10,M
2016-11-01,939113,15139,123914,153564,134490,122716,101895,87203,72009,51770,35475,20249,10965,5521,2595,1606,2,2016,11,M
2016-12-01,946224,15192,125188,155210,135237,124018,102335,87487,72582,52187,35650,20355,11033,5536,2605,1607,2,2016,12,M
2017-01-01,953382,15507,125413,156010,135741,125937,102822,88103,73333,52666,35941,20674,11205,5685,2679,1660,6,2017,1,M
2017-02-01,953360,15194,124465,156134,136060,126287,102955,87835,73275,52793,36103,20895,11255,5725,2703,1674,7,2017,2,M
2017-03-01,960358,15249,124253,156820,136923,127404,104053,88734,74176,53470,36519,21165,11387,5792,2728,1679,6,2017,3,M
2017-04-01,1001660,16511,130030,163485,142836,133347,109076,92599,77570,55256,37188,21654,11673,5879,2812,1743,1,2017,4,M
2017-05-01,1017934,17506,132923,166075,144980,135133,110611,94171,78714,55935,37697,21910,11806,5953,2799,1718,3,2017,5,M
2017-06-01,1019148,17855,133658,166352,145071,134885,110559,93948,78671,56111,37749,21933,11836,5983,2793,1738,6,2017,6,M
2017-07-01,1027036,18025,134203,167761,146378,135712,111406,94641,79377,56617,38152,22191,11978,6022,2825,1742,6,2017,7,M
2017-08-01,1023249,18072,133855,167765,145823,134990,110788,94347,78911,56232,37915,22081,11863,6065,2783,1752,7,2017,8,M
2017-09-01,1025763,18269,134283,168691,146455,134851,111308,94310,79131,56273,37763,22063,11794,6099,2739,1726,8,2017,9,M
2017-10-01,1026899,17626,132731,168698,146242,135146,111615,94813,79765,56918,38125,22434,11954,6258,2803,1762,9,2017,10,M
2017-11-01,1032137,17134,132592,170575,147141,135931,112005,95464,80455,57322,38066,22556,12022,6323,2774,1767,10,2017,11,M
2017-12-01,1045669,18032,135120,173024,148437,137452,113185,96446,81358,58110,38460,22821,12166,6417,2839,1792,10,2017,12,M
2018-01-01,1042568,17652,134545,172649,148042,137657,112534,95873,80923,58022,38519,22856,12146,6483,2852,1806,9,2018,1,M
2018-02-01,1041662,17326,133611,172955,148394,137973,112602,95483,80735,58217,38573,22712,12049,6416,2837,1773,6,2018,2,M
2018-03-01,1052545,17850,134771,174514,149253,139181,113778,96655,81622,58937,39117,23077,12377,6625,2933,1849,6,2018,3,M
2018-04-01,1062242,18320,135936,176337,150399,140177,114663,97386,82293,59607,39597,23326,12604,6715,3008,1868,6,2018,4,M
2018-05-01,1062965,18351,135643,176771,150318,140290,114663,97701,82168,59751,39686,23344,12737,6661,3010,1864,7,2018,5,M
2018-06-01,1071187,19108,137062,177915,151345,140998,115116,98311,82714,60462,40029,23604,12848,6764,3050,1854,7,2018,6,M
2018-07-01,1074280,19516,137099,178081,151475,141301,115464,98768,82931,60829,40237,23786,12954,6827,3100,1906,6,2018,7,M
2018-08-01,1076824,19686,137155,178314,151613,141495,116008,98989,83007,61215,40440,24041,12980,6868,3078,1929,6,2018,8,M
2018-09-01,1081088,19763,137559,178750,152137,141080,116601,100162,83415,61747,40583,24245,13086,6926,3097,1931,6,2018,9,M
2018-10-01,1078899,19351,136115,178969,151840,141605,116530,99600,83182,62009,40568,24251,13032,6859,3084,1898,6,2018,10,M
2018-11-01,1090987,19365,138029,180650,153463,142559,117848,100477,84080,62969,41195,24836,13345,7026,3176,1964,5,2018,11,M
2018-12-01,1096077,19566,139139,181511,154358,143164,118154,100812,84075,63268,41386,24927,13463,7096,3170,1983,5,2018,12,M
2019-01-01,1097823,19070,139190,181404,155170,143198,118241,100897,84166,63533,41811,25185,13589,7153,3209,2001,6,2019,1,M
2019-02-01,1100072,19685,138952,181602,154584,143677,118656,101303,84423,63930,41897,25308,13609,7184,3243,2014,5,2019,2,M
2019-03-01,1107283,19802,138840,183056,155474,144913,119386,102115,84804,64359,42318,25698,13862,7301,3297,2053,5,2019,3,M
2019-04-01,1113223,20286,139759,183483,156742,144405,120076,102713,85669,64857,42566,25957,13989,7338,3317,2061,5,2019,4,M
2019-05-01,1112582,20021,138936,183137,156789,144368,120498,102724,85356,65131,42612,26122,14126,7348,3317,2092,5,2019,5,M
2019-06-01,1116985,20054,138850,184139,157381,145329,120965,103284,85460,65376,42792,26193,14291,7364,3354,2148,5,2019,6,M
2019-07-01,1117821,19928,138580,183470,157960,144283,121578,103655,86271,65611,42924,26346,14352,7385,3333,2140,5,2019,7,M
2019-08-01,1119657,20596,138974,183309,158459,143553,121945,103718,86145,65858,43177,26582,14424,7386,3372,2154,5,2019,8,M
2019-09-01,1122946,20100,138233,183457,159256,143772,122845,103984,86531,66460,43657,26915,14605,7504,3441,2181,5,2019,9,M
2019-10-01,1125106,19346,137290,183103,159603,143822,123641,104433,87454,67066,44105,27192,14790,7562,3469,2225,5,2019,10,M
2019-11-01,1127204,19104,138323,183754,160512,143622,124014,104282,87094,66758,44217,27382,14842,7562,3489,2244,5,2019,11,M
2019-12-01,1098627,18920,136715,181157,158184,140256,121112,101078,84246,63933,42144,25586,13532,6688,3135,1937,4,2019,12,M
2020-01-01,1116787,19023,137311,182151,159986,140496,124621,102446,85665,65838,43936,27318,14798,7389,3591,2213,5,2020,1,M
2020-02-01,1114672,18537,136206,181364,160146,140185,125186,102641,85605,65747,43930,27242,14789,7318,3605,2166,5,2020,2,M
2020-03-01,1121832,18640,136648,182004,161487,141074,126147,103387,86685,66210,44157,27526,14859,7189,3639,2176,4,2020,3,M
2020-04-01,1023253,16269,123060,165841,148297,129353,116056,94324,79059,60403,40047,25125,13605,6557,3292,1960,5,2020,4,M
2020-05-01,790914,10029,86225,124035,113775,99841,90722,74159,63839,50722,34182,21664,11675,5579,2763,1702,2,2020,5,M
2020-06-01,815198,10142,87700,126968,116947,102716,94013,76919,66318,52492,35320,22532,12328,5970,2980,1851,2,2020,6,M
2020-07-01,924649,11806,102568,145604,133797,116857,106341,86907,74269,57963,38733,24633,13440,6471,3280,1978,2,2020,7,M
2020-08-01,960649,12280,108434,152487,140007,121508,109633,90234,76555,59717,39474,24936,13647,6516,3245,1973,3,2020,8,M
2020-09-01,954104,12046,108211,152044,139845,120874,109309,89879,75872,59105,38703,24273,12977,6118,2997,1849,2,2020,9,M
2020-10-01,976801,12230,110277,154874,143111,123332,111906,92184,77616,60389,39617,25408,13932,6613,3279,2030,3,2020,10,M
2020-11-01,975833,12771,111384,155410,143917,123395,111949,91885,76996,59726,38893,24766,13449,6284,3101,1905,2,2020,11,M
2020-12-01,999554,13391,114453,158414,147356,125917,114324,94154,78649,61281,39771,25721,14111,6676,3277,2056,3,2020,12,M
2021-01-01,997555,13493,115061,158174,147626,125398,114519,93114,77957,60569,39650,25852,14025,6753,3306,2055,3,2021,1,M
2021-02-01,1005164,13252,114558,158646,149028,126524,115537,93993,79386,61566,40163,26110,14174,6779,3364,2081,3,2021,2,M
2021-03-01,1027792,14290,117874,161694,151945,128982,117909,95980,81264,63022,40983,26591,14631,6988,3499,2137,3,2021,3,M
2021-04-01,1027716,15169,119728,162744,153014,129623,117959,95741,80604,62378,39937,25510,13715,6476,3184,1932,2,2021,4,M
2021-05-01,1045560,15768,122504,164819,155300,131396,120046,97314,81965,63478,40705,26096,14116,6759,3344,1947,3,2021,5,M
2021-06-01,1061245,16605,124989,166744,157375,133042,121710,98660,83114,64600,41359,26525,14324,6888,3356,1953,1,2021,6,M
2021-07-01,1067502,17073,126259,167287,158102,133640,122439,99186,83583,65004,41610,26733,14277,6993,3349,1966,1,2021,7,M
2021-08-01,1077543,17700,128191,168881,159414,134798,122683,100181,84235,65693,42087,26807,14407,7094,3383,1988,1,2021,8,M
2021-09-01,1033275,16967,123126,161942,153506,129618,118152,95959,80460,62899,40078,25419,13525,6647,3157,1819,1,2021,9,M
2021-10-01,1091627,18292,130609,170156,161720,136384,124382,101253,85183,66916,42669,27046,14531,7153,3361,1971,1,2021,10,M
2021-11-01,1107332,18913,133644,172473,163680,137929,125646,102462,86085,68028,43230,27573,14937,7333,3405,1993,1,2021,11,M
2021-12-01,1111526,19566,135987,173412,164571,138210,125763,102406,85794,68094,43111,27407,14690,7270,3312,1932,1,2021,12,M
2022-01-01,1123074,19792,137012,174328,166076,139112,127733,103430,86642,69102,43940,27956,15099,7402,3425,2024,1,2022,1,M
2022-02-01,1121496,19665,136126,173086,165981,138736,127978,103475,86752,69326,44081,28012,15229,7479,3510,2059,1,2022,2,M
2022-03-01,1139370,19958,137990,175306,168706,141026,129869,105151,88235,70868,45002,28601,15484,7577,3526,2070,1,2022,3,M
2022-04-01,1143758,20201,138970,175554,169520,141843,130203,105374,88563,70725,45167,28711,15636,7713,3479,2098,1,2022,4,M
2022-05-01,1147821,20790,140257,175943,170299,142229,130551,105482,88772,70753,45208,28601,15613,7667,3524,2131,1,2022,5,M
2022-06-01,1159298,21093,141825,176867,171486,143350,131723,106661,89825,71971,45981,29168,15922,7745,3538,2142,1,2022,6,M
2022-07-01,1163826,21368,142700,177701,172463,144099,131983,107001,89970,72030,46012,29201,15873,7720,3558,2146,1,2022,7,M
2022-08-01,1170880,21285,144073,178492,173519,144885,132522,107489,90567,72700,46406,29369,16046,7772,3622,2132,1,2022,8,M
2022-09-01,1171650,21166,144367,178403,174154,144908,132135,107681,90551,72960,46415,29395,16037,7726,3665,2087,0,2022,9,M
2022-10-01,1176492,20869,144944,178580,175260,145427,132921,108337,91114,73247,46498,29487,16228,7777,3710,2092,1,2022,10,M
2022-11-01,1180299,20721,145976,179012,176164,145615,133502,108579,91456,73480,46771,29382,16170,7743,3657,2070,1,2022,11,M
2022-12-01,1185955,20780,146974,179107,177083,145685,134007,109200,92160,74096,47208,29653,16352,7844,3683,2122,1,2022,12,M
2023-01-01,1172454,20329,145143,176525,175245,143946,133006,107889,90975,73204,47049,29361,16203,7773,3685,2120,1,2023,1,M
2023-02-01,1180468,20174,145029,176856,176226,145320,134087,109091,91691,74261,47775,29757,16406,7857,3766,2171,1,2023,2,M
2023-03-01,1193399,20267,146157,177993,178269,146846,135448,110410,93048,75456,48598,30193,16578,8064,3873,2198,1,2023,3,M
2023-04-01,1185519,21127,146713,177221,177681,145937,134385,109402,91995,74486,47900,29391,15871,7692,3623,2094,1,2023,4,M
2023-05-01,1190214,21044,147032,177622,178603,146218,134925,109577,92684,74526,48276,29858,16085,7906,3702,2155,1,2023,5,M
2023-06-01,1193644,20909,147180,177258,179243,146780,135305,110075,93290,74786,48823,30065,16186,7928,3690,2125,1,2023,6,M
2023-07-01,1187460,20929,146362,176151,178517,146056,134506,109578,93019,74400,48639,29819,16041,7785,3598,2059,1,2023,7,M
2023-08-01,1188472,21238,146604,176021,178674,145987,134221,109799,93267,74345,48969,29840,16088,7773,3590,2055,1,2023,8,M
2023-09-01,1188469,20958,145848,175833,178794,146258,134244,110065,93407,74505,49233,29801,16108,7759,3598,2057,1,2023,9,M
2023-10-01,1195434,21519,146890,176082,179859,146811,135118,110850,94053,74763,49738,29947,16232,7896,3597,2078,1,2023,10,M
2023-11-01,1199580,21494,147233,176825,180492,147291,135496,111507,94334,74882,50106,29984,16319,7938,3600,2078,1,2023,11,M
2007-09-01,318984,4789,44187,61015,54163,47676,40190,27645,18645,10872,5195,2421,1219,577,220,169,1,2007,9,F
2007-10-01,384639,5312,46581,67049,63142,57812,52306,38179,26519,15095,6899,3160,1463,671,253,197,1,2007,10,F
2007-11-01,391521,5361,47822,68523,64260,58733,52916,38804,26870,15400,7017,3201,1487,672,252,202,1,2007,11,F
2007-12-01,402131,5805,49137,70833,66227,60209,54086,39614,27459,15656,7124,3308,1523,679,262,208,1,2007,12,F
2008-01-01,402379,5335,48606,70816,66390,60326,54190,39946,27667,15827,7223,3338,1534,701,268,211,1,2008,1,F
2008-02-01,401244,5380,48640,70926,66392,60085,54092,39739,27405,15550,7092,3265,1511,694,263,209,1,2008,2,F
2008-03-01,406090,5405,49187,71445,67163,60960,54690,40225,27871,15791,7302,3331,1528,703,267,221,1,2008,3,F
2008-04-01,413981,6306,51165,72937,68212,61741,55319,40682,28211,15929,7372,3363,1533,715,271,224,1,2008,4,F
2008-05-01,413523,5807,50390,72761,68075,61893,55345,40993,28463,16070,7501,3444,1549,727,279,225,1,2008,5,F
2008-06-01,419624,6110,51031,73525,68719,62722,56066,41787,28971,16521,7734,3568,1601,748,283,238,0,2008,6,F
2008-07-01,419581,6177,50963,73338,68495,62572,56075,41983,29027,16651,7826,3600,1595,765,282,232,0,2008,7,F
2008-08-01,421347,6761,52375,73660,68259,62318,55803,41965,29071,16711,7896,3613,1629,750,291,245,0,2008,8,F
2008-09-01,421668,6621,51838,73423,68464,62225,55968,42150,29323,16946,8075,3654,1672,769,298,242,0,2008,9,F
2008-10-01,425302,6275,51663,73867,69295,63000,56517,42685,29656,17318,8190,3755,1707,804,310,260,0,2008,10,F
2008-11-01,426424,6479,52052,73851,69138,62830,56421,42956,29885,17558,8311,3802,1735,825,318,263,0,2008,11,F
2008-12-01,425506,6467,51494,73499,69242,62526,56297,42997,29967,17657,8376,3858,1722,822,314,268,0,2008,12,F
2009-01-01,428297,6625,51849,73797,69695,62818,56491,43366,30167,17883,8503,3921,1763,835,312,272,0,2009,1,F
2009-02-01,429997,6493,51990,73879,70161,63191,56680,43636,30277,17989,8541,3931,1784,844,328,273,0,2009,2,F
2009-03-01,430988,6364,51600,73767,70454,63613,56891,43928,30415,18127,8633,3933,1793,861,335,274,0,2009,3,F
2009-04-01,435768,6451,52191,74418,71289,64112,57382,44488,30744,18522,8818,4016,1833,888,341,275,0,2009,4,F
2009-05-01,434901,6407,51972,74034,71160,63863,57030,44527,30904,18706,8908,4020,1859,882,351,278,0,2009,5,F
2009-06-01,438338,6387,52286,74290,71580,64281,57413,45092,31196,19077,9151,4105,1924,908,365,283,0,2009,6,F
2009-07-01,445103,6330,52929,75009,72501,65352,58409,45944,31826,19500,9436,4244,1983,944,389,307,0,2009,7,F
2009-08-01,463034,6626,54424,77517,75073,67867,60585,48135,33461,20767,10149,4570,2120,1013,416,311,0,2009,8,F
2009-09-01,465723,6681,54701,77709,75536,67978,60890,48451,33805,21003,10351,4651,2172,1029,439,327,0,2009,9,F
2009-10-01,468854,6571,54839,77727,76391,68424,61389,48751,34177,21312,10524,4738,2181,1049,447,334,0,2009,10,F
2009-11-01,474444,6530,55291,78337,77452,69187,62093,49277,34796,21662,10844,4826,2284,1066,458,341,0,2009,11,F
2009-12-01,477109,6242,55511,78528,77774,69617,62406,49553,35306,22015,11032,4877,2345,1084,472,347,0,2009,12,F
2010-01-01,479192,6614,56224,78805,78033,69713,62324,49628,35370,22082,11104,4950,2388,1111,492,354,0,2010,1,F
2010-02-01,479116,6419,56283,78563,78116,69689,62317,49608,35311,22197,11213,4960,2437,1142,512,349,0,2010,2,F
2010-03-01,488253,6855,57518,79964,79549,71068,63308,50382,35790,22661,11504,5076,2504,1183,538,353,0,2010,3,F
2010-04-01,493243,7129,58305,80722,80498,71619,64003,50830,35952,22844,11645,5068,2539,1195,540,354,0,2010,4,F
2010-05-01,491774,6744,57816,80344,80229,71278,64019,50898,36073,22986,11702,5035,2537,1208,551,354,0,2010,5,F
2010-06-01,487706,6888,57493,79620,79642,70531,63469,50536,35735,22700,11576,4967,2472,1177,550,350,0,2010,6,F
2010-07-01,493318,7072,58313,80171,80259,71155,64126,51206,36151,23178,11872,5107,2583,1225,551,349,0,2010,7,F
2010-08-01,493770,7063,58772,80118,80187,71118,63972,51194,36138,23314,12012,5117,2608,1244,562,351,0,2010,8,F
2010-09-01,496383,7126,59173,80441,81003,71661,64146,51651,36467,22852,11880,5125,2635,1272,591,360,0,2010,9,F
2010-10-01,499098,7156,59724,80811,81591,72082,64161,51880,36614,23086,11959,5132,2640,1289,600,372,1,2010,10,F
2010-11-01,504681,7013,60275,81359,82604,72828,64878,52571,37086,23538,12218,5257,2734,1330,609,380,1,2010,11,F
2010-12-01,511456,7029,61197,82531,83804,73598,65497,53294,37513,23924,12485,5404,2801,1361,631,386,1,2010,12,F
2011-01-01,515512,7332,62115,82937,84480,73914,65836,53497,37668,24221,12619,5541,2872,1421,658,400,1,2011,1,F
2011-02-01,513252,6876,61374,82030,84094,73453,65739,53590,37789,24387,12698,5653,2959,1500,700,409,1,2011,2,F
2011-03-01,518099,7048,61942,82496,84948,73933,66320,54077,38145,24674,12961,5799,3058,1565,713,419,1,2011,3,F
2011-04-01,524628,7291,62986,83220,85977,74960,66926,54587,38515,25092,13199,5913,3155,1634,739,433,1,2011,4,F
2011-05-01,516272,6921,61837,82148,85108,74002,65980,53792,37907,24555,12844,5680,2927,1489,676,405,1,2011,5,F
2011-06-01,522788,6967,62122,82765,85948,74628,66834,54632,38642,25227,13257,5912,3083,1602,731,437,1,2011,6,F
2011-07-01,527377,7062,62824,82997,86409,75151,67200,55207,39058,25571,13543,6188,3216,1715,768,467,1,2011,7,F
2011-08-01,528756,7094,63255,83078,86322,75266,67234,55635,39278,25790,13500,6208,3198,1684,748,465,1,2011,8,F
2011-09-01,527542,7215,63652,83559,86615,75457,67025,55194,38271,24878,13222,6266,3238,1713,750,486,1,2011,9,F
2011-10-01,530543,7192,63612,83660,87133,75849,67208,55931,38904,25344,13467,6286,3149,1649,703,455,1,2011,10,F
2011-11-01,530793,6964,63382,83454,87198,75984,67189,56308,38952,25536,13574,6331,3144,1642,687,447,1,2011,11,F
2011-12-01,531878,7207,64479,83858,87692,76162,66994,56209,38618,25228,13383,6236,3054,1646,664,447,1,2011,12,F
2012-01-01,534041,7078,64471,83783,87964,76185,66928,56692,39334,25664,13646,6417,3088,1661,672,457,1,2012,1,F
2012-02-01,533606,6634,64101,83706,87825,76243,67050,56980,39391,25679,13678,6404,3111,1653,692,458,1,2012,2,F
2012-03-01,540660,6628,64961,84682,88884,77319,67974,57785,39953,26013,13907,6556,3155,1685,694,463,1,2012,3,F
2012-04-01,544708,6643,65438,85209,89607,77889,68602,58334,40149,26265,14000,6620,3153,1665,677,456,1,2012,4,F
2012-05-01,545650,6348,65032,84948,89585,78052,68784,58807,40577,26519,14167,6772,3216,1683,691,468,1,2012,5,F
2012-06-01,549141,6424,65731,85348,89870,78404,69201,59197,40890,26802,14334,6818,3236,1691,716,478,1,2012,6,F
2012-07-01,532878,5560,62372,82337,87425,76345,67446,58027,40247,26389,14091,6670,3195,1615,695,463,1,2012,7,F
2012-08-01,545419,6321,65435,84506,88894,77653,68510,59135,40847,26820,14349,6775,3313,1656,728,476,1,2012,8,F
2012-09-01,552268,6771,66404,85577,90060,78433,69277,59840,41214,27056,14472,6839,3394,1701,750,479,1,2012,9,F
2012-10-01,553770,6693,66010,85613,90465,78878,69580,59999,41448,27216,14560,6912,3437,1707,763,488,1,2012,10,F
2012-11-01,558930,6755,66770,86117,91477,79738,70211,60419,41785,27525,14712,6974,3488,1704,763,491,1,2012,11,F
2012-12-01,559997,6762,67417,86566,91776,80033,70210,60173,41719,27372,14570,6915,3508,1715,772,488,1,2012,12,F
2013-01-01,561506,6490,67271,86736,92094,80215,70419,60399,42021,27589,14730,7005,3548,1714,769,505,1,2013,1,F
2013-02-01,563576,6713,68124,87242,92407,80309,70485,60392,42055,27590,14733,7011,3524,1721,772,497,1,2013,2,F
2013-03-01,570977,6701,68226,87959,92909,81294,71481,61526,43075,28453,15296,7329,3643,1782,796,506,1,2013,3,F
2013-04-01,575374,6765,68947,88387,93533,81898,71917,62002,43517,28791,15417,7431,3675,1788,801,504,1,2013,4,F
2013-05-01,581849,6646,69779,89287,94640,82683,72719,62583,44111,29262,15657,7601,3733,1808,820,519,1,2013,5,F
2013-06-01,586619,6553,70214,89940,95226,83259,73410,62995,44691,29653,15957,7690,3806,1852,845,527,1,2013,6,F
2013-07-01,587348,6788,70578,89829,94946,83007,73315,63160,45008,29751,16108,7758,3840,1862,867,530,1,2013,7,F
2013-08-01,591989,6860,71517,90304,95411,83593,73940,63427,45430,30063,16338,7895,3874,1928,873,535,1,2013,8,F
2013-09-01,594647,6881,71979,91084,95740,84151,74054,63611,45616,29979,16320,7930,3924,1965,872,540,1,2013,9,F
2013-10-01,593534,6509,71088,90680,95477,84344,74049,63623,45787,30112,16493,8014,3949,1964,884,560,1,2013,10,F
2013-11-01,600513,6709,72146,91802,96444,85309,74737,64121,46311,30516,16772,8160,4026,1993,899,567,1,2013,11,F
2013-12-01,604354,6659,72358,92461,96995,86016,75054,64445,46777,30756,17003,8248,4090,2022,905,564,1,2013,12,F
2014-01-01,607297,6754,73001,93006,97310,86280,75093,64515,47059,30942,17277,8363,4183,2021,918,574,1,2014,1,F
2014-02-01,604293,6666,73184,93104,97078,86415,74634,63729,46424,30312,16931,8187,4107,2012,922,587,1,2014,2,F
2014-03-01,612392,6744,73473,93902,97862,87524,75809,64862,47343,31160,17463,8456,4191,2064,936,602,1,2014,3,F
2014-04-01,622605,6786,74387,95179,99015,89044,77058,65969,48380,31909,17987,8774,4357,2149,992,618,1,2014,4,F
2014-05-01,628422,7040,75249,95985,99561,90005,77786,66234,48950,32274,18249,8902,4336,2200,1011,639,1,2014,5,F
2014-06-01,633594,7197,75709,96829,100197,90698,78200,66676,49514,32529,18626,9098,4414,2232,1016,658,1,2014,6,F
2014-07-01,634613,7050,75880,96930,99981,90981,78133,66665,49793,32728,18788,9257,4465,2264,1032,665,1,2014,7,F
2014-08-01,639790,7368,77139,97924,100258,91418,78617,66954,50204,33096,19007,9322,4464,2285,1053,680,1,2014,8,F
2014-09-01,642752,7394,77128,98606,100525,91955,78757,67128,50507,33450,19238,9484,4511,2304,1072,692,1,2014,9,F
2014-10-01,648885,7178,77278,99933,101439,93275,79496,67788,50876,33814,19458,9630,4589,2326,1101,703,1,2014,10,F
2014-11-01,658576,7588,78612,101771,102849,94727,80721,68578,51425,34182,19610,9783,4566,2342,1101,721,0,2014,11,F
2014-12-01,663761,7703,79065,102839,103324,95634,81212,69066,51708,34603,19802,9926,4626,2399,1139,715,0,2014,12,F
2015-01-01,666663,7681,79178,103615,103551,96016,81464,69226,51879,34813,20078,10095,4686,2476,1155,750,0,2015,1,F
2015-02-01,663686,7660,78834,103454,103002,95618,80987,68729,51608,34608,20047,10088,4659,2491,1159,742,0,2015,2,F
2015-03-01,670133,7361,78433,103923,103962,96721,82192,69684,52560,35193,20488,10332,4760,2555,1198,771,0,2015,3,F
2015-04-01,683959,8181,81007,106137,105764,98458,83326,70964,53409,35787,20888,10608,4810,2626,1220,774,0,2015,4,F
2015-05-01,690418,8374,82077,107319,106388,99334,83836,71445,53897,36190,21228,10767,4898,2626,1256,783,0,2015,5,F
2015-06-01,694481,8677,82829,107888,106677,99842,84068,71836,54293,36360,21459,10890,4944,2653,1273,792,0,2015,6,F
2015-07-01,695743,8666,83275,108207,106476,99945,83944,71901,54450,36551,21574,11053,4956,2668,1275,802,0,2015,7,F
2015-08-01,697909,9066,84034,108797,106554,100146,83997,71852,54578,36547,21639,11073,4915,2636,1279,796,0,2015,8,F
2015-09-01,694380,8729,83022,108432,105829,99907,83737,71477,54550,36517,21591,11054,4856,2631,1250,798,0,2015,9,F
2015-10-01,706146,8912,84449,110753,107497,101668,85004,72387,55356,37074,22119,11206,4951,2664,1292,814,0,2015,10,F
2015-11-01,713324,9031,85279,112353,108710,102731,85699,72910,55874,37214,22284,11337,5068,2712,1296,826,0,2015,11,F
2015-12-01,713458,8884,84802,112737,108411,102766,85720,72837,56131,37318,22405,11442,5133,2731,1301,840,0,2015,12,F
2016-01-01,718283,8902,85314,113711,108930,103373,86150,73305,56415,37628,22748,11619,5220,2754,1348,866,0,2016,1,F
2016-02-01,715043,8752,85023,113515,108519,102956,85634,72936,56093,37292,22643,11510,5208,2759,1349,854,0,2016,2,F
2016-03-01,732811,8994,86926,116419,111324,105424,87463,74805,57518,38282,23261,11910,5362,2840,1393,890,0,2016,3,F
2016-04-01,736305,9459,87499,116674,111410,105671,87905,75078,57902,38626,23496,12038,5405,2865,1391,886,0,2016,4,F
2016-05-01,741079,9609,88098,117813,112039,106283,88425,75299,58222,38778,23701,12169,5455,2899,1395,894,0,2016,5,F
2016-06-01,741298,9528,87944,117951,111958,106382,88347,75222,58344,38847,23796,12237,5526,2907,1401,908,0,2016,6,F
2016-07-01,746631,10012,89304,118700,112354,106996,88634,75457,58664,39205,23965,12341,5662,2942,1465,930,0,2016,7,F
2016-08-01,744378,9811,89104,118541,111717,106414,88249,75001,58719,39249,24057,12364,5719,2994,1491,948,0,2016,8,F
2016-09-01,749401,9783,89512,119683,112177,107224,88671,75336,59169,39624,24343,12570,5844,3014,1508,943,0,2016,9,F
2016-10-01,754449,10126,90074,120630,112524,107612,89206,75767,59936,39812,24580,12729,5918,3043,1536,956,0,2016,10,F
2016-11-01,753052,9848,90025,120596,112406,108046,89377,75423,60071,39548,24268,12309,5768,2937,1505,925,0,2016,11,F
2016-12-01,757874,10014,90727,121842,113281,108773,89880,75566,60567,39703,24282,12133,5767,2910,1510,919,0,2016,12,F
2017-01-01,762578,10250,91354,122748,113381,109171,90226,75959,61251,40157,24472,12273,5888,2971,1545,932,0,2017,1,F
2017-02-01,763461,10073,90863,122935,113737,109778,90419,75738,61308,40304,24555,12321,5939,2978,1567,946,0,2017,2,F
2017-03-01,770669,10257,91109,123979,114784,110945,91283,76767,62047,40640,24752,12433,6082,3023,1594,974,0,2017,3,F
2017-04-01,787317,10993,93640,126675,117204,113050,93125,78009,63292,41495,25256,12644,6227,3101,1619,987,0,2017,4,F
2017-05-01,793678,10975,93924,127656,117874,113816,94131,78977,64234,42064,25533,12702,6173,3073,1572,974,0,2017,5,F
2017-06-01,793401,11224,94321,127741,117647,113508,93751,78830,64153,42164,25559,12695,6178,3077,1570,983,0,2017,6,F
2017-07-01,798949,11313,95181,128561,118282,113934,94128,79327,64731,42637,25878,12839,6350,3163,1595,1029,1,2017,7,F
2017-08-01,791088,11350,94545,127964,116994,112756,93168,78420,63866,41893,25353,12666,6299,3196,1570,1048,0,2017,8,F
2017-09-01,796768,11414,94803,129081,117823,113483,93987,78913,64439,42341,25531,12771,6308,3257,1570,1047,0,2017,9,F
2017-10-01,800117,11126,94295,129468,118090,113743,94437,79447,65087,42812,26018,13020,6451,3376,1665,1082,0,2017,10,F
2017-11-01,806685,10860,94756,131784,119355,114828,95429,80203,65444,42599,25822,12988,6470,3382,1672,1093,0,2017,11,F
2017-12-01,818023,11510,96459,133787,120305,116218,96446,81166,66116,43404,26272,13352,6645,3501,1721,1121,0,2017,12,F
2018-01-01,815352,11133,96055,133728,120125,115786,96264,80647,65906,43348,26118,13342,6581,3506,1701,1112,0,2018,1,F
2018-02-01,813263,10952,95306,133733,120097,115717,95964,80174,65608,43330,26116,13339,6630,3503,1696,1098,0,2018,2,F
2018-03-01,824704,11490,96545,135406,121578,117003,97187,81257,66474,44058,26648,13687,6877,3575,1777,1142,0,2018,3,F
2018-04-01,831784,11863,97330,136146,122539,117776,97978,81949,67068,44610,27082,13894,6976,3638,1795,1140,0,2018,4,F
2018-05-01,833761,11884,97239,136643,122633,118068,98100,82158,67218,44896,27302,13970,7034,3697,1767,1152,0,2018,5,F
2018-06-01,841227,12290,98211,137941,123516,118894,98668,82802,67618,45502,27600,14243,7172,3777,1798,1194,1,2018,6,F
2018-07-01,845539,12367,98703,138341,123885,119263,99047,83154,68188,45986,27852,14531,7296,3858,1842,1225,1,2018,7,F
2018-08-01,847851,12627,98853,138762,123886,119418,99444,83231,68236,46393,28041,14627,7397,3851,1865,1220,0,2018,8,F
2018-09-01,852509,12722,99465,139157,124126,119843,99968,84235,68642,46685,28352,14860,7453,3877,1897,1226,1,2018,9,F
2018-10-01,856495,12520,99834,140137,125016,120807,100342,84030,68807,47047,28406,15034,7474,3924,1903,1214,0,2018,10,F
2018-11-01,866505,12549,101183,141527,126633,121719,101559,84588,69466,47886,28965,15484,7710,4032,1932,1272,0,2018,11,F
2018-12-01,873770,12731,102406,142790,127630,122777,102324,84966,69753,48303,29224,15720,7788,4113,1965,1280,0,2018,12,F
2019-01-01,874120,12260,102299,142920,128461,121982,102287,85070,69790,48579,29286,15942,7861,4091,1992,1300,0,2019,1,F
2019-02-01,877589,12739,102881,143490,128243,122232,102872,85434,70002,48870,29388,16068,7897,4127,2012,1334,0,2019,2,F
2019-03-01,886377,12828,103230,145413,129231,123670,103777,86070,70741,49457,29775,16391,8098,4253,2083,1360,0,2019,3,F
2019-04-01,891086,13109,103939,145449,130111,123288,104388,86771,71520,49890,30077,16652,8185,4248,2098,1361,0,2019,4,F
2019-05-01,893234,13176,103776,145626,130606,123374,104878,86926,71142,50309,30368,16883,8326,4306,2132,1406,0,2019,5,F
2019-06-01,897692,13246,104115,146711,131278,124077,105320,87195,71342,50588,30397,17008,8525,4334,2141,1415,0,2019,6,F
2019-07-01,900091,13113,103810,146656,131536,123701,105974,87580,72111,51056,30708,17225,8612,4371,2196,1442,0,2019,7,F
2019-08-01,903604,13485,104581,147254,132044,123877,106352,87702,71812,51295,30918,17443,8745,4427,2222,1447,0,2019,8,F
2019-09-01,908670,13377,104867,147842,133071,124206,107088,88025,72289,51684,31418,17690,8867,4493,2299,1454,0,2019,9,F
2019-10-01,912204,12989,104644,147918,133865,124087,107679,88422,73082,52454,31797,17885,9063,4511,2299,1509,0,2019,10,F
2019-11-01,918728,12931,105666,149827,135571,125045,108375,88748,72688,52339,32033,18004,9130,4523,2344,1504,0,2019,11,F
2019-12-01,889606,12628,102427,145953,132543,121719,105736,85997,70396,50318,30479,16513,7950,3733,1961,1253,0,2019,12,F
2020-01-01,909735,12731,103766,148221,135320,123371,107903,87570,72047,51939,31902,17890,8952,4354,2307,1462,0,2020,1,F
2020-02-01,910308,12581,103852,148189,136045,123527,108279,87680,71753,51959,31787,17798,8881,4284,2262,1431,0,2020,2,F
2020-03-01,913162,12611,104142,148200,136586,124022,108720,88220,72066,52175,31892,17876,8825,4160,2245,1422,0,2020,3,F
2020-04-01,860709,11077,95931,138799,128971,117552,103695,84098,68821,49818,30192,16675,8157,3713,1985,1225,0,2020,4,F
2020-05-01,665237,5818,61015,98727,97745,91967,83141,69132,58957,44069,27005,14737,7030,3155,1662,1077,0,2020,5,F
2020-06-01,673239,5750,61022,98968,98370,92842,84501,70145,60040,45005,27525,15276,7471,3379,1786,1159,0,2020,6,F
2020-07-01,768849,7853,77385,118402,114338,105288,94430,77219,64865,48058,29317,16445,8220,3744,1982,1303,0,2020,7,F
2020-08-01,795558,8336,81937,123954,118808,108872,97387,79478,66208,49035,29666,16573,8330,3724,1957,1293,0,2020,8,F
2020-09-01,791072,8400,81783,123732,118443,108077,97164,79131,65858,48713,29266,16145,7858,3486,1804,1212,0,2020,9,F
2020-10-01,814713,8711,85197,127719,122112,110732,99558,80819,67024,49693,30146,17006,8598,3935,2089,1374,0,2020,10,F
2020-11-01,811867,8925,85486,127346,122036,110369,99294,80393,66573,49365,29870,16684,8394,3790,2007,1335,0,2020,11,F
2020-12-01,836118,9561,89211,131406,125968,113000,101620,82157,67832,50639,30699,17452,8934,4073,2133,1433,0,2020,12,F
2021-01-01,829119,9674,90267,131479,125756,111468,100015,80175,66257,49659,30341,17443,8936,4090,2122,1437,0,2021,1,F
2021-02-01,838950,9433,90239,132362,127466,112794,101430,81379,67553,50607,30841,17867,9121,4211,2175,1472,0,2021,2,F
2021-03-01,858205,10351,93527,135066,130040,114783,103462,82645,68909,51748,31510,18414,9495,4428,2289,1538,0,2021,3,F
2021-04-01,855488,11180,95180,135351,130071,114448,102747,82141,68100,51055,30864,17810,8913,4090,2121,1417,0,2021,4,F
2021-05-01,874025,11678,97872,137683,132861,116400,104584,83680,69438,52097,31613,18491,9419,4449,2282,1478,0,2021,5,F
2021-06-01,888370,12418,100645,140118,134858,117679,105862,84700,70201,52985,32124,18801,9600,4564,2299,1516,0,2021,6,F
2021-07-01,897307,12906,102254,141748,136055,118656,106947,85281,70528,53374,32418,18949,9674,4685,2290,1542,0,2021,7,F
2021-08-01,908253,13496,104559,143841,137809,119925,107955,85829,70819,53966,32689,18982,9769,4726,2336,1552,0,2021,8,F
2021-09-01,868217,12910,100015,137735,132091,114630,103430,81991,67405,51626,31325,18075,9110,4357,2126,1391,0,2021,9,F
2021-10-01,926454,14091,108507,147071,140923,121626,109614,86891,71570,54966,33169,19303,9918,4855,2375,1575,0,2021,10,F
2021-11-01,940242,14297,111188,149497,143078,123000,110827,87976,72241,55725,33620,19724,10119,4942,2412,1596,0,2021,11,F
2021-12-01,938840,14502,111972,149310,143182,122698,110823,87783,71718,55629,33426,19276,9860,4804,2297,1560,0,2021,12,F
2022-01-01,958363,14383,113753,152985,146998,125128,113251,89422,72632,56488,34152,19874,10260,5006,2387,1644,0,2022,1,F
2022-02-01,952865,14439,113466,151581,146357,124278,112626,88702,72000,56168,33911,19825,10290,5130,2423,1669,0,2022,2,F
2022-03-01,976310,14890,116382,155249,150425,127298,115280,90586,73617,57608,34803,20245,10532,5225,2471,1699,0,2022,3,F
2022-04-01,982055,15338,117634,155718,151138,128012,115684,91124,73929,57900,35070,20387,10599,5315,2490,1717,0,2022,4,F
2022-05-01,984516,15494,119023,156131,151633,127743,115222,90880,73999,58211,35331,20525,10687,5361,2536,1740,0,2022,5,F
2022-06-01,993058,15783,120633,157311,152800,128768,116043,91527,74547,58680,35740,20711,10791,5407,2562,1755,0,2022,6,F
2022-07-01,1003089,15632,121414,159973,155233,130465,117279,92066,74872,58956,35885,20774,10798,5403,2591,1747,1,2022,7,F
2022-08-01,1009563,15510,122842,161080,156328,131019,117709,92524,75198,59308,36133,20930,10988,5512,2685,1796,1,2022,8,F
2022-09-01,1015005,15504,123733,161956,157998,131581,118267,92742,75393,59567,36222,21029,11004,5508,2733,1768,0,2022,9,F
2022-10-01,1018192,15564,123785,162318,159138,132368,118756,93296,75605,59324,35790,20900,11150,5560,2797,1841,0,2022,10,F
2022-11-01,1025494,15541,125578,163991,160989,133172,119493,93773,75816,59427,35909,20863,10889,5484,2744,1825,0,2022,11,F
2022-12-01,1033384,15626,126670,165075,162475,134024,120274,94357,76265,59828,36389,21103,11045,5537,2840,1876,0,2022,12,F
2023-01-01,1025243,15056,124775,163473,161572,133226,119580,93857,75757,59503,36363,20970,11016,5498,2768,1829,0,2023,1,F
2023-02-01,1031376,14864,124588,163543,162856,134194,120454,94582,76307,60208,36941,21198,11216,5640,2876,1909,0,2023,2,F
2023-03-01,1047150,15141,126928,165881,165763,136078,122047,95732,77415,60973,37505,21491,11444,5828,2952,1972,0,2023,3,F
2023-04-01,1032872,15347,126522,164065,164062,134613,120559,94713,76230,59844,36492,20442,10524,5148,2601,1710,0,2023,4,F
2023-05-01,1042392,15184,127740,165190,165775,135502,121731,95308,76949,60263,37026,20901,10824,5472,2729,1798,0,2023,5,F
2023-06-01,1048522,15323,128537,165811,167024,136413,122390,95789,77290,60515,37427,20933,10941,5534,2751,1844,0,2023,6,F
2023-07-01,1025632,14502,122783,160187,163186,134129,120842,94715,76599,60145,37193,20686,10707,5446,2719,1793,0,2023,7,F
2023-08-01,1025320,14774,123038,160202,163310,133966,120555,94762,76509,60088,37340,20521,10624,5326,2586,1719,0,2023,8,F
2023-09-01,1036657,15063,125122,162953,165728,135135,121533,95441,76785,60375,37565,20616,10664,5364,2593,1720,0,2023,9,F
2023-10-01,1034979,14924,124038,161979,165879,135349,122000,96164,77060,59980,37165,20080,10640,5399,2585,1737,0,2023,10,F
2023-11-01,1037100,14772,123955,162471,166658,136034,122236,96512,77214,59998,37195,20019,10542,5261,2553,1680,0,2023,11,F
