Periodo de Cobertura,Total Afiliados,0-4,5-9,10-14,15-19,20-24,25-29,30-34,35-39,40-44,45-49,50-54,55-59,60-64,65-69,70-74,75-79,80-84,85 y MÃ¡s,Year,Month,Sexo
2007-09-01,672023,42738,48299,42368,33804,74147,91618,81181,70415,59655,43445,33363,22566,13451,7578,4011,2066,725,593,2007,9,M
2007-10-01,746727,46257,56124,52793,42657,75706,94542,85643,75848,66716,50907,39589,26727,15739,8991,4643,2365,815,665,2007,10,M
2007-11-01,763293,48183,59325,55658,44385,77253,95945,86544,76853,67285,51399,39792,26969,15908,9054,4776,2422,856,686,2007,11,M
2007-12-01,792406,50793,63102,59451,47350,78402,98814,89150,79039,69104,53082,41177,28085,16488,9399,4922,2478,869,701,2007,12,M
2008-01-01,794895,51165,64515,60949,47410,77431,98206,89264,79118,69183,53119,41134,28082,16561,9521,5036,2546,918,737,2008,1,M
2008-02-01,797721,53043,66536,62608,48332,76925,97701,88664,78428,68871,52751,40873,27717,16425,9448,5105,2596,950,748,2008,2,M
2008-03-01,816841,53662,67742,63638,49175,78558,99699,90721,80545,70920,54379,41995,28681,17214,9961,5399,2740,1030,782,2008,3,M
2008-04-01,835553,55205,69426,65289,51405,81619,101828,92492,81599,71955,55353,42651,28956,17510,10105,5479,2806,1075,800,2008,4,M
2008-05-01,842331,57958,72952,68336,52282,79510,100557,91458,81313,71734,55644,43011,29185,17784,10189,5596,2891,1109,822,2008,5,M
2008-06-01,866964,59633,75352,70799,54099,81112,102594,93486,83308,73580,57642,44616,30418,18680,10727,5849,3035,1167,867,2008,6,M
2008-07-01,876911,61101,77414,72721,55769,82012,102830,93599,83518,73499,57903,44810,30602,18838,10982,5990,3189,1226,908,2008,7,M
2008-08-01,883846,60567,75951,71031,55980,83750,104386,94734,84535,74560,58965,45670,31370,19330,11334,6165,3295,1286,937,2008,8,M
2008-09-01,881538,60847,76804,71802,56275,82937,103224,94055,83919,73910,58825,45476,31266,19338,11236,6110,3293,1292,929,2008,9,M
2008-10-01,892986,61347,78464,73376,56700,82314,103866,95347,84969,74902,59959,46260,32102,19816,11521,6327,3401,1353,962,2008,10,M
2008-11-01,892314,61887,79156,74090,57353,81875,102396,94256,84165,74371,60012,46410,32317,20068,11664,6457,3462,1404,971,2008,11,M
2008-12-01,890325,62839,80481,75512,58030,80657,100857,93225,83144,73398,59612,46148,32213,20045,11665,6513,3528,1452,1006,2008,12,M
2009-01-01,910739,66344,83773,78544,59866,81691,101948,94435,84289,74507,60346,46879,32895,20422,11910,6708,3646,1505,1031,2009,1,M
2009-02-01,919128,67908,85298,80236,60633,81550,101726,94700,84729,75000,60809,47315,33344,20620,12152,6791,3724,1544,1049,2009,2,M
2009-03-01,928319,69257,86587,81569,61339,81320,102152,95426,85472,75571,61510,47695,33788,20911,12233,6949,3832,1630,1078,2009,3,M
2009-04-01,947286,71946,89402,83955,63063,81836,102737,96814,86700,76516,62564,48439,34499,21381,12633,7379,4214,1883,1325,2009,4,M
2009-05-01,942552,72673,89858,84673,63309,80796,100918,95544,85490,75483,62007,48024,34518,21456,12645,7555,4287,1945,1371,2009,5,M
2009-06-01,964573,75002,92114,86977,65463,82125,102157,97347,87247,77007,63510,49145,35480,22238,13052,7802,4425,2069,1413,2009,6,M
2009-07-01,990477,77505,94816,89706,67536,83444,103652,99224,88888,79038,65472,50839,36737,23288,13692,8237,4699,2194,1510,2009,7,M
2009-08-01,1037114,80930,99243,94103,70823,85581,106284,102431,92482,82716,68983,54341,39908,25677,15249,9149,5152,2447,1615,2009,8,M
2009-09-01,1050560,82040,100597,95694,72400,86673,106739,103645,93304,83523,69852,55102,40506,26126,15517,9363,5308,2503,1668,2009,9,M
2009-10-01,1059406,83716,102890,98153,73235,86323,106475,103915,93521,83699,69942,55441,40941,26349,15590,9521,5410,2569,1716,2009,10,M
2009-11-01,1069302,85720,104229,99979,74098,86643,106529,104174,93755,84171,70257,56029,41410,26869,15868,9725,5492,2612,1742,2009,11,M
2009-12-01,1078809,87103,105769,101818,74656,86879,106513,104815,93844,84659,70600,56711,41857,27367,16087,9943,5632,2758,1798,2009,12,M
2010-01-01,1091583,89249,107561,103700,76631,88213,107235,105557,94359,84930,70995,56803,42153,27573,16116,10121,5688,2871,1828,2010,1,M
2010-02-01,1100535,89473,107994,104296,76838,89107,107829,106626,95361,85681,71730,57586,42774,28009,16331,10294,5807,2937,1862,2010,2,M
2010-03-01,1125001,93454,110578,106763,78928,91421,109771,108672,96893,87171,72818,58403,43461,28667,16662,10536,5899,3025,1879,2010,3,M
2010-04-01,1146859,95921,112626,108593,80468,93669,111959,110885,98899,88905,74019,59129,44208,29232,16716,10738,5930,3076,1886,2010,4,M
2010-05-01,1145193,96741,113205,109150,80233,92603,111157,110292,98125,88517,73793,58917,44328,29299,16825,10800,6037,3216,1955,2010,5,M
2010-06-01,1141551,97218,113123,109027,80606,92643,110699,109984,97359,88063,73123,58294,43934,29075,16551,10704,5995,3201,1952,2010,6,M
2010-07-01,1153675,98101,114005,110326,81801,93844,111663,110691,98151,88908,73859,58876,44463,29741,16862,10893,6151,3332,2008,2010,7,M
2010-08-01,1163614,98924,115300,111775,82830,94485,112260,111589,98954,89441,74462,59103,44753,30048,17050,10955,6247,3377,2061,2010,8,M
2010-09-01,1176939,99892,116621,113956,84268,95285,113000,112524,100077,90010,75442,59706,45325,30416,17274,11144,6341,3524,2134,2010,9,M
2010-10-01,1183811,100409,117181,115126,84813,95878,113387,113436,100542,90516,76028,59860,45480,30403,17377,11197,6416,3577,2185,2010,10,M
2010-11-01,1196862,102145,118640,116946,85891,96676,113800,114835,101473,91157,76925,60348,46037,30740,17547,11329,6459,3675,2239,2010,11,M
2010-12-01,1210126,102912,119686,118462,86773,98084,114782,115919,102493,91988,77887,60908,46725,31306,17956,11556,6570,3803,2316,2010,12,M
2011-01-01,1208001,103063,119334,118871,87142,98051,114073,115347,101575,91517,77538,60662,46910,31353,18015,11643,6712,3842,2353,2011,1,M
2011-02-01,1216643,104061,119960,119961,87191,97870,114386,115602,102333,92615,78487,61304,47636,31746,18418,11889,6871,3909,2404,2011,2,M
2011-03-01,1230993,105296,120951,121266,88378,99125,115745,116618,103344,93797,79298,62061,48297,32293,18744,12147,7081,4032,2520,2011,3,M
2011-04-01,1247227,107630,122134,122937,89115,100780,116895,117917,104533,94840,80340,62772,49092,32715,19114,12411,7267,4151,2584,2011,4,M
2011-05-01,1228411,107111,120814,121779,87897,99140,115477,116470,103006,93000,78598,61303,47906,31816,18522,11935,7074,4006,2557,2011,5,M
2011-06-01,1244568,109065,122348,123884,88726,99275,115950,117457,103964,94014,79917,62556,48954,32640,19334,12354,7364,4156,2610,2011,6,M
2011-07-01,1263772,110085,123371,125472,90477,101148,117204,119095,105558,95403,81373,63972,50095,33209,19908,12804,7595,4295,2708,2011,7,M
2011-08-01,1274046,110762,124145,126728,92179,101714,117769,120115,106207,95799,82109,64460,50645,33524,20288,12825,7703,4327,2747,2011,8,M
2011-09-01,1273280,111355,124472,126974,92291,101333,117452,119876,106064,95456,81936,64144,50458,33379,20362,12858,7781,4342,2747,2011,9,M
2011-10-01,1273041,110536,123308,125990,91701,102168,118196,120682,106293,95195,82323,64262,50348,33569,20502,12907,7866,4403,2792,2011,10,M
2011-11-01,1276076,111327,123638,126556,91517,101716,117922,120706,106350,95375,82908,64447,50661,33933,20792,12988,7949,4466,2825,2011,11,M
2011-12-01,1279417,111277,123547,126705,91466,103182,118667,120964,106662,95392,83168,64538,50571,33975,20870,12987,8072,4509,2865,2011,12,M
2012-01-01,1279634,111088,123348,126908,91394,103308,118252,121077,106211,95132,83167,64628,50800,34282,21131,13112,8237,4616,2943,2012,1,M
2012-02-01,1286779,112215,124001,127934,91274,102743,118562,121648,106904,95929,84005,65130,51264,34685,21369,13217,8288,4627,2984,2012,2,M
2012-03-01,1306779,114794,125451,129897,92439,104771,120147,123092,108352,97068,85585,66241,51920,35372,21799,13468,8501,4796,3086,2012,3,M
2012-04-01,1313390,115921,125781,130637,92563,105322,120815,123394,109044,97542,86181,66539,52038,35668,21984,13456,8579,4807,3119,2012,4,M
2012-05-01,1321795,116613,126450,131718,92808,105385,121344,123911,109361,98183,87089,67306,52728,36075,22298,13662,8711,4952,3201,2012,5,M
2012-06-01,1332820,118341,127170,133064,92964,106338,122322,124544,110070,98907,87718,67809,53280,36507,22618,13943,8911,5058,3256,2012,6,M
2012-07-01,1280426,114097,122831,129004,89910,99438,116362,118737,105354,94781,84593,65598,51786,35421,21976,13673,8704,4983,3178,2012,7,M
2012-08-01,1336647,118994,126791,133794,95309,106161,121929,124072,110064,98958,87939,68028,53559,36710,22743,14281,8961,5112,3242,2012,8,M
2012-09-01,1351273,120177,127713,135325,96825,107607,122919,125581,111076,99901,89030,68821,54084,37159,22894,14611,9090,5150,3310,2012,9,M
2012-10-01,1345623,119424,127451,135383,96328,106327,122012,125199,110610,99354,88923,68601,53874,37085,22802,14697,9078,5152,3323,2012,10,M
2012-11-01,1353086,119875,127893,136177,96291,107185,122491,125982,111288,99913,89450,69202,54172,37448,23117,14834,9192,5214,3362,2012,11,M
2012-12-01,1360773,120821,128431,136776,96815,108632,123341,126665,111937,100386,89882,69387,54218,37571,23168,14931,9284,5198,3330,2012,12,M
2013-01-01,1361133,121034,128336,137438,96136,107968,123137,126473,111839,100330,90012,69745,54578,37770,23296,15050,9359,5247,3385,2013,1,M
2013-02-01,1370457,122405,128946,138265,96296,109382,124288,127454,112624,100810,90563,70147,54819,37808,23380,15122,9417,5290,3441,2013,2,M
2013-03-01,1382801,123799,129607,139307,96658,110217,125290,128271,113361,101670,91507,71028,55671,38341,23921,15489,9622,5463,3579,2013,3,M
2013-04-01,1387919,123762,130211,140269,97148,110101,125493,128271,113882,101845,91915,71691,56067,38577,24169,15605,9740,5529,3644,2013,4,M
2013-05-01,1403612,125153,131545,141802,97626,110887,126856,129627,115191,103179,92831,72916,57045,39154,24794,15749,9941,5602,3714,2013,5,M
2013-06-01,1417270,126410,133057,143489,98138,111654,127793,130757,116115,104389,93454,73922,57752,39678,25122,15984,10081,5697,3778,2013,6,M
2013-07-01,1420127,125945,132496,143317,98517,112700,128022,130796,116284,104872,93573,74444,58105,39987,25300,16086,10115,5757,3811,2013,7,M
2013-08-01,1433702,127501,134212,144623,100599,113403,128775,131822,117142,105824,94076,75179,58620,40389,25626,16234,10155,5711,3811,2013,8,M
2013-09-01,1437213,128072,134633,144786,100703,113401,128705,131854,117651,106141,94218,75465,58960,40535,25868,16376,10233,5759,3853,2013,9,M
2013-10-01,1436434,126574,134819,145351,100530,112217,128340,131709,118007,106262,94341,75962,58973,40875,26033,16488,10276,5795,3882,2013,10,M
2013-11-01,1454923,129797,136384,147008,102242,113858,129778,132877,119378,107334,94985,76929,59683,41365,26395,16674,10416,5860,3960,2013,11,M
2013-12-01,1462401,130481,137039,147207,102856,114796,130835,133334,119837,107728,95338,77536,59951,41670,26642,16776,10503,5880,3992,2013,12,M
2014-01-01,1462575,130808,137146,147178,102641,115035,130721,133040,119758,107744,95102,77553,60098,41888,26722,16834,10442,5859,4006,2014,1,M
2014-02-01,1467152,131929,137700,147151,102425,115687,131487,133562,120339,108028,95350,77568,60034,41978,26737,16902,10447,5831,3997,2014,2,M
2014-03-01,1478583,132990,138633,148154,103393,116859,132560,134362,121223,109119,95756,78039,60429,42325,27081,17043,10593,5913,4111,2014,3,M
2014-04-01,1494405,134270,139953,149892,104575,117070,133554,134907,122621,110094,96878,79352,61605,43217,27698,17431,10903,6153,4232,2014,4,M
2014-05-01,1513940,136806,141450,151271,106075,119325,135621,136432,124114,111414,97936,80399,62275,43804,28089,17526,10941,6193,4269,2014,5,M
2014-06-01,1525937,138122,142441,152058,107235,120368,136572,136855,124926,112235,98406,81176,62890,44312,28663,17796,11153,6323,4406,2014,6,M
2014-07-01,1529035,138437,143127,152179,107384,120209,136867,136934,125253,112093,98661,81353,63264,44511,29031,17881,11161,6319,4371,2014,7,M
2014-08-01,1545649,138592,144918,153675,109251,121911,138669,138106,126745,113318,99736,82289,64009,45121,29347,17961,11243,6370,4388,2014,8,M
2014-09-01,1549555,138693,145679,153888,110278,121581,138977,137715,127133,113509,99853,82372,64352,45347,29609,18168,11430,6464,4507,2014,9,M
2014-10-01,1559158,138704,147012,154835,111021,121590,139946,138534,128294,114153,100625,82918,64872,45705,29963,18319,11566,6532,4569,2014,10,M
2014-11-01,1571939,138030,148038,155511,112072,122855,141756,139789,129616,115110,101722,83730,65650,46354,30353,18456,11696,6598,4603,2014,11,M
2014-12-01,1578325,140463,148799,155157,112723,123524,142766,139706,130160,115064,101970,83715,65830,46470,30507,18456,11773,6620,4622,2014,12,M
2015-01-01,1584517,140165,149234,154921,112232,124619,144599,139993,130329,115150,102139,83971,66064,46953,31072,18820,12349,6967,4940,2015,1,M
2015-02-01,1584268,140288,149408,154779,112037,124081,145067,139586,130251,114949,102003,83810,66075,47140,31150,19002,12466,7134,5042,2015,2,M
2015-03-01,1602938,143213,151356,156642,113957,123718,145977,140769,131823,116189,103411,84884,66803,47906,31894,19249,12709,7234,5204,2015,3,M
2015-04-01,1625728,145147,152326,157692,116296,127141,148416,142521,133782,117678,105032,86078,67583,48690,32525,19388,12849,7261,5323,2015,4,M
2015-05-01,1641446,146374,153347,158401,117474,129001,150360,143834,135174,118862,106107,86902,68108,49430,32908,19482,12953,7288,5441,2015,5,M
2015-06-01,1649081,146751,153662,158640,118449,129717,151472,144595,135748,119175,106730,87415,68333,49884,33144,19566,13016,7304,5480,2015,6,M
2015-07-01,1650573,145586,153609,158440,118570,129938,152190,144767,136133,119230,106726,87746,68550,50034,33470,19612,13079,7360,5533,2015,7,M
2015-08-01,1658155,148168,153997,158453,119700,130782,153057,145078,136459,119611,106812,88130,68643,49998,33668,19664,13010,7335,5590,2015,8,M
2015-09-01,1654683,147799,153763,157805,121003,129632,152705,144563,136202,119393,106294,88073,68383,50004,33479,19647,13011,7294,5633,2015,9,M
2015-10-01,1673741,148107,155182,158856,122972,131267,154947,145940,138046,121023,107493,89327,69194,50976,34064,20012,13186,7398,5751,2015,10,M
2015-11-01,1682222,149106,156129,159114,123330,132112,156520,146717,138954,121504,107886,89972,69236,51045,34217,20077,13120,7401,5782,2015,11,M
2015-12-01,1674811,145428,155244,157945,122982,131496,156741,146457,138700,121407,107702,90064,68933,51021,34215,20153,13097,7400,5826,2015,12,M
2016-01-01,1686688,149282,157049,158835,123863,131597,157222,146483,139031,121654,108338,90574,69276,51818,34539,20399,13282,7530,5916,2016,1,M
2016-02-01,1693426,151148,157950,158936,124224,131818,157997,146920,139341,121975,108934,90821,69331,52144,34567,20523,13299,7570,5928,2016,2,M
2016-03-01,1744931,154854,161746,162044,127179,138088,165341,152234,144097,125845,112752,93578,70780,53083,35229,20932,13507,7645,5997,2016,3,M
2016-04-01,1750621,155477,162339,161854,128617,138658,165596,152317,144365,126198,113061,94057,71057,53468,35266,21064,13509,7703,6015,2016,4,M
2016-05-01,1764913,158692,164315,163037,129979,139857,166875,153198,145007,126806,113268,94399,71539,53754,35503,21237,13598,7764,6085,2016,5,M
2016-06-01,1762722,157513,165010,162991,129527,139671,167331,153218,145271,126666,112954,94075,71285,53362,35260,21217,13519,7773,6079,2016,6,M
2016-07-01,1782351,161619,167178,164249,131179,141999,168438,153943,145976,127441,113566,94924,72185,54201,35724,21814,13751,7936,6228,2016,7,M
2016-08-01,1781361,159238,167703,163905,132840,142294,168312,154065,146132,127249,113031,94926,72137,54173,35572,21877,13716,7984,6207,2016,8,M
2016-09-01,1793996,160883,170186,165172,134217,142674,169470,154771,146863,127788,113503,95464,72552,54503,35805,22157,13714,8055,6219,2016,9,M
2016-10-01,1803899,160710,170717,165416,135202,144147,170699,155344,147766,128346,114243,96634,73011,54894,36133,22454,13794,8142,6247,2016,10,M
2016-11-01,1799925,160375,170405,164547,134762,143911,170853,155015,147673,128116,113469,96493,72827,54871,36156,22480,13722,8087,6163,2016,11,M
2016-12-01,1809250,161136,171692,165183,135330,144852,172337,155640,149025,128622,113720,97030,73231,54859,36122,22529,13728,8078,6136,2016,12,M
2017-01-01,1813702,159978,171852,165266,135215,145001,173035,155961,150726,128850,114186,97714,73644,55023,36338,22669,13819,8185,6240,2017,1,M
2017-02-01,1826975,162723,174231,166883,136049,144476,173874,156809,151513,129675,114780,98552,74081,55364,36710,22849,13885,8263,6258,2017,2,M
2017-03-01,1839783,164082,175937,168028,137102,144635,174829,157849,152760,130517,115197,99204,74853,55859,37143,23165,14003,8339,6281,2017,3,M
2017-04-01,1888385,166681,178698,169863,140148,150169,181208,163397,158219,135098,118764,102486,76541,56659,37694,23602,14190,8522,6446,2017,4,M
2017-05-01,1915665,168784,180933,171699,143026,153203,184031,165838,160246,136825,120604,103914,77468,57322,38212,23955,14371,8687,6547,2017,5,M
2017-06-01,1923648,170409,183018,173286,144697,153982,184180,165974,160032,136697,120485,103969,77698,57508,38200,23892,14428,8638,6555,2017,6,M
2017-07-01,1941452,172252,185184,174326,146371,155121,185945,167827,161220,137863,121357,104987,78376,58069,38639,24101,14532,8699,6583,2017,7,M
2017-08-01,1941088,172021,185616,173877,147172,154434,186102,167382,160884,137685,121495,104916,78624,58182,38777,24006,14688,8638,6589,2017,8,M
2017-09-01,1945796,172105,186906,173700,147992,155195,187358,167961,161315,138017,121380,105027,78334,57829,38691,23934,14807,8634,6611,2017,9,M
2017-10-01,1945957,171744,187050,173646,148099,153535,186999,167562,160873,138100,121772,105593,78894,58217,39134,24129,15121,8789,6700,2017,10,M
2017-11-01,1958105,173303,188466,174197,148123,153218,188962,168543,161972,138646,122715,106668,79789,58611,39598,24422,15327,8810,6735,2017,11,M
2017-12-01,1977166,174665,190115,174969,149615,155824,191568,170025,163688,139955,123846,107683,80526,58858,39863,24650,15569,8934,6813,2017,12,M
2018-01-01,1975808,174893,190901,175502,150032,155067,190932,169509,163697,139361,123222,107238,80460,58929,39859,24680,15651,8990,6885,2018,1,M
2018-02-01,1980185,176632,191905,175627,149901,154407,191667,170135,164160,139695,122873,107197,80879,59127,39871,24694,15632,8935,6848,2018,2,M
2018-03-01,1982322,174939,192065,175461,151262,153676,191305,169514,164311,140120,123413,107879,81538,59596,40205,25057,15904,9076,7001,2018,3,M
2018-04-01,2018360,180314,195278,177812,154595,157139,195419,172442,166663,142089,125110,109196,82733,60646,40862,25554,16131,9256,7121,2018,4,M
2018-05-01,2022594,180967,196041,177980,155539,156704,195921,172336,166812,142065,125488,109363,83139,60952,40939,25817,16078,9345,7108,2018,5,M
2018-06-01,2039933,183465,197455,179315,157223,158555,197563,173724,167903,142842,126338,109897,83971,61494,41321,26097,16232,9397,7141,2018,6,M
2018-07-01,2050281,184372,198828,179938,158784,158860,198197,174270,168468,143341,127199,110290,84671,61816,41697,26418,16403,9491,7238,2018,7,M
2018-08-01,2038373,183104,197901,179717,158267,156386,195814,172613,167163,142825,126669,109866,84725,61853,41859,26468,16388,9478,7277,2018,8,M
2018-09-01,2064981,184787,200010,181596,159854,159489,199078,175114,169146,144760,128836,111011,85900,62582,42417,26859,16597,9565,7380,2018,9,M
2018-10-01,2067439,184667,201522,183396,161202,158063,199127,174950,169005,144729,128331,110801,86177,62501,42522,26933,16570,9576,7367,2018,10,M
2018-11-01,2088155,186633,203762,185191,161801,159797,200923,176773,170030,146344,129335,111969,87409,63450,43258,27427,16839,9739,7475,2018,11,M
2018-12-01,2096180,186801,204755,185923,162105,160929,201710,177701,170641,146667,129678,112117,87881,63701,43589,27684,16978,9802,7518,2018,12,M
2019-01-01,2097145,185947,205112,186174,161361,160951,201569,178514,170460,146683,129747,112171,88127,64101,43908,27858,17078,9836,7548,2019,1,M
2019-02-01,2106174,187009,206104,187086,161967,161146,202210,178372,171167,147429,130466,112767,88813,64477,44325,28086,17247,9898,7605,2019,2,M
2019-03-01,2121843,187607,207564,188132,163080,161909,204448,179797,172883,148536,131578,113357,89504,65017,44865,28403,17421,10052,7690,2019,3,M
2019-04-01,2129602,188639,208465,188484,164011,162294,204333,180804,172254,149129,132175,114153,90086,65360,45317,28678,17530,10081,7809,2019,4,M
2019-05-01,2125930,185996,207850,187793,164231,161386,204058,180815,172015,149500,132205,113867,90501,65450,45624,28958,17631,10135,7915,2019,5,M
2019-06-01,2133756,187262,208737,188144,162727,161678,205226,181733,173284,150249,132841,114171,91014,65791,45793,29309,17646,10188,7963,2019,6,M
2019-07-01,2140022,188251,209562,188988,163433,161865,204775,182519,172858,150921,133333,114973,91220,65954,45998,29527,17656,10214,7975,2019,7,M
2019-08-01,2147600,189140,210175,189926,164627,162038,204894,183399,172580,151668,133713,115488,91564,66243,46355,29690,17741,10311,8048,2019,8,M
2019-09-01,2154205,189421,211088,191324,165018,161921,205075,184354,172160,152682,133946,115323,92121,66789,46689,29934,17865,10415,8080,2019,9,M
2019-10-01,2156641,188371,211478,191888,164005,161107,204718,184697,172167,153516,134303,116265,92772,67416,47094,30245,17976,10478,8145,2019,10,M
2019-11-01,2162399,189483,212320,193051,163711,162028,205168,185590,172039,153938,134200,116132,92606,67638,47267,30461,18021,10542,8204,2019,11,M
2019-12-01,2126390,186864,208527,190452,160700,160721,203095,183861,169036,151490,131366,113718,90194,65906,45715,29403,17227,10223,7892,2019,12,M
2020-01-01,2145556,187583,209959,192816,161194,160969,203145,185084,168564,154786,132569,114966,91826,67583,47227,30570,17765,10692,8258,2020,1,M
2020-02-01,2145203,188437,210299,193408,160331,160107,202607,185488,168385,155311,132424,114639,91763,67554,47301,30652,17640,10642,8215,2020,2,M
2020-03-01,2157280,189941,210833,194316,161165,161418,203577,186967,169310,156184,133197,115839,92122,67720,47546,30771,17472,10661,8241,2020,3,M
2020-04-01,2001001,175780,197643,182488,151713,147584,186931,172970,156524,145122,122960,107094,85239,62459,44091,28644,16181,9855,7723,2020,4,M
2020-05-01,2015305,174411,199006,184110,153194,144278,186568,174452,158495,147088,125070,109401,87148,63577,45050,29200,16333,10023,7901,2020,5,M
2020-06-01,2076908,177578,204224,188530,158041,148504,191889,179834,162795,151386,129000,113269,90640,66324,47312,30960,17426,10659,8537,2020,6,M
2020-07-01,2096039,178676,205971,190076,160812,149626,192906,181871,164311,152823,130073,114200,91572,67000,47840,31371,17591,10761,8559,2020,7,M
2020-08-01,2077428,176093,204066,188137,161548,148484,190236,180144,162445,150882,129284,113455,91327,66346,47398,31105,17425,10577,8476,2020,8,M
2020-09-01,2074975,175019,203856,187584,162940,149468,190188,180459,162013,151055,129151,112827,91044,65860,46979,30574,17195,10406,8357,2020,9,M
2020-10-01,2090653,176092,205133,189432,166239,148664,188757,180757,162230,152169,130495,114139,92623,67032,48363,31617,17698,10699,8514,2020,10,M
2020-11-01,2068508,174102,202477,186986,166212,148771,187572,179885,160650,150694,129026,112311,90990,65349,47084,30663,17148,10343,8245,2020,11,M
2020-12-01,2107686,176844,206338,190263,170941,152177,190261,183432,163032,153070,131365,114086,92723,66386,48277,31647,17714,10595,8535,2020,12,M
2021-01-01,2060168,172066,201305,186223,167669,148555,185214,179573,159331,150633,128280,112188,90887,64923,47350,30534,17169,10198,8070,2021,1,M
2021-02-01,1976244,168109,195184,179683,145283,138567,179603,175138,154882,146020,123493,108355,87731,62929,46199,29944,17071,10042,8011,2021,2,M
2021-03-01,2010788,172335,199043,183347,142379,141501,183092,178406,157602,148624,125843,110783,89773,64287,47161,30683,17414,10315,8200,2021,3,M
2021-04-01,2010459,173018,199300,183509,142671,143216,184010,179612,157886,148518,125313,109914,89118,63255,46147,29871,17020,10071,8010,2021,4,M
2021-05-01,2043891,175558,202193,186656,147162,146947,186266,182149,159936,150658,127168,111473,90438,64384,46949,30334,17354,10278,7988,2021,5,M
2021-06-01,2045438,175659,202382,187005,145673,146518,186015,182463,160277,151169,127530,111834,90967,64654,47086,30474,17530,10266,7936,2021,6,M
2021-07-01,2072943,177884,204674,189973,148041,149399,188424,184841,162219,153025,129010,113150,92141,65496,47841,30607,17912,10328,7978,2021,7,M
2021-08-01,2097779,178879,206444,192792,149961,152062,190839,187022,164061,154708,130453,114222,93410,66402,48642,31065,18242,10462,8113,2021,8,M
2021-09-01,2103889,177590,206619,194512,150132,152516,191312,188006,164811,154895,131101,114722,93995,66753,48715,31195,18373,10484,8158,2021,9,M
2021-10-01,2117159,180911,207130,195119,151199,154195,191897,189285,165496,155767,131555,115120,94815,67177,48987,31351,18480,10481,8194,2021,10,M
2021-11-01,2141646,182931,208802,197426,152634,156974,194303,191569,167084,157285,132929,116283,96307,67889,49625,31999,18777,10580,8249,2021,11,M
2021-12-01,2140921,182586,207778,197231,152558,158695,194792,191973,167087,157156,132568,115787,96376,67813,49411,31781,18747,10449,8133,2021,12,M
2022-01-01,2160599,183459,209220,199294,153509,159942,195947,193923,168323,159351,133997,116890,97653,68847,49955,32354,18990,10623,8322,2022,1,M
2022-02-01,2156089,183693,208264,198945,152345,158923,194766,193748,167898,159342,133806,116858,97781,68947,50049,32557,19150,10690,8327,2022,2,M
2022-03-01,2194064,188023,211820,203019,154961,161444,197247,197150,170709,161895,136012,118744,99934,70362,50887,33086,19464,10811,8496,2022,3,M
2022-04-01,2199872,187218,212132,203629,154650,162217,197647,197727,171560,162368,136346,119327,100788,70852,51154,33279,19672,10788,8518,2022,4,M
2022-05-01,2209419,189900,213416,204650,155767,163636,198135,198778,172119,162601,136286,119359,100214,70961,51044,33386,19684,10856,8627,2022,5,M
2022-06-01,2228435,191465,215044,206341,156699,165299,199056,200108,173466,163940,137605,120624,101571,71901,51844,33834,19922,11020,8696,2022,6,M
2022-07-01,2238268,192127,215979,207638,157347,166518,200051,201292,174446,164463,138171,120921,101802,72078,51964,33845,19836,11082,8708,2022,7,M
2022-08-01,2255576,193211,218014,209843,158293,168088,201016,203013,175640,165499,138973,121855,102830,72780,52385,34329,19889,11225,8693,2022,8,M
2022-09-01,2259674,192702,218406,210924,158229,168595,201271,203927,175798,165862,139279,121825,103227,72957,52441,34341,19831,11351,8708,2022,9,M
2022-10-01,2267507,192213,219620,212046,158113,169337,201359,205204,176353,166117,139987,122598,103808,73410,52777,34576,19924,11434,8631,2022,10,M
2022-11-01,2273191,192780,220500,213060,157844,170025,201850,206151,176801,166678,140256,122863,103971,73368,52490,34549,19936,11470,8599,2022,11,M
2022-12-01,2278367,192543,220599,213542,157830,170858,201748,207176,176943,167145,140804,123375,104502,73841,52692,34645,19951,11527,8646,2022,12,M
2023-01-01,2273734,191278,220271,213318,156950,170397,200582,206960,176646,167487,140596,123262,104478,74071,52691,34621,19940,11562,8624,2023,1,M
2023-02-01,2273810,190934,220087,213709,156122,169535,199752,206987,176824,167641,140851,123215,104984,74618,53125,34820,20212,11699,8695,2023,2,M
2023-03-01,2298651,193712,223004,216397,157542,171024,200990,209190,178499,169132,142390,124624,106461,75792,53590,35169,20464,11896,8775,2023,3,M
2023-04-01,2268724,190348,219613,213454,155955,170514,199460,207522,176650,167032,140401,122749,104640,74400,52293,33928,19768,11439,8558,2023,4,M
2023-05-01,2290999,192735,222033,215849,157605,171282,200297,209171,177696,168445,141501,124348,105722,75661,53300,34610,20365,11648,8731,2023,5,M
2023-06-01,2291843,192867,222356,216186,157524,170751,199609,209539,177952,168471,141627,124485,105484,76027,53460,34653,20461,11660,8731,2023,6,M
2023-07-01,2280945,190833,221215,215369,156919,170496,198600,208818,177212,167609,141020,124166,104948,75802,53032,34426,20286,11557,8637,2023,7,M
2023-08-01,2273812,188472,219890,213991,156973,170042,197860,208517,176904,167192,140942,124297,104751,76142,53030,34461,20248,11470,8630,2023,8,M
2023-09-01,2278300,188849,221500,215297,157414,169117,197606,208789,177217,167016,141434,124557,104893,76417,53175,34576,20334,11469,8640,2023,9,M
2023-10-01,2286134,188970,221511,216259,158483,169779,197465,209470,177569,167749,142146,125077,105326,77403,53432,34825,20537,11466,8667,2023,10,M
2023-11-01,2287403,188384,221452,216832,158349,169768,197839,210084,178004,167918,142733,125192,105113,77286,53052,34736,20543,11444,8674,2023,11,M
2007-09-01,536019,39159,45348,40409,29473,54317,71737,65309,58186,48772,33683,23026,13617,6705,3255,1685,811,304,223,2007,9,F
2007-10-01,638083,42723,53189,50794,38208,57150,78444,75161,69517,62029,44960,31492,18190,8566,4105,1999,947,352,257,2007,10,F
2007-11-01,658682,44469,56328,53662,40076,58765,80245,76796,70961,63225,45980,32248,18772,8901,4353,2172,1042,392,295,2007,11,F
2007-12-01,684775,46819,59935,57142,42688,59500,83227,79504,73139,65106,47379,33199,19338,9201,4539,2264,1076,408,311,2007,12,F
2008-01-01,690604,47182,61373,58326,42930,59021,83339,80022,73508,65407,47865,33573,19641,9388,4683,2374,1174,457,341,2008,1,F
2008-02-01,699892,49086,63223,59988,43970,59260,83939,80457,73702,65695,48013,33652,19714,9525,4884,2587,1300,523,374,2008,2,F
2008-03-01,712177,49572,64396,60977,44821,60055,84884,81746,75107,66786,48869,34442,20250,9982,5145,2748,1400,576,421,2008,3,F
2008-04-01,729367,51109,65952,62518,46483,62463,86952,83299,76378,67847,49685,35077,20634,10221,5340,2868,1472,626,443,2008,4,F
2008-05-01,742691,53734,69127,65171,47811,62043,87045,83585,76969,68290,50367,35700,21034,10549,5557,3000,1561,681,467,2008,5,F
2008-06-01,760191,55354,71502,67311,49471,63019,88256,84683,78282,69363,51601,36562,21841,11025,5832,3180,1669,733,507,2008,6,F
2008-07-01,775032,56771,73536,68882,51549,64236,89486,85574,79087,70076,52310,37132,22377,11423,6084,3369,1810,791,539,2008,7,F
2008-08-01,776670,56386,71928,67010,50946,65859,90434,86084,79513,70405,52751,37555,22789,11755,6324,3564,1905,869,593,2008,8,F
2008-09-01,779534,56739,72575,67912,51252,65384,90013,86103,79384,70628,53015,37846,23121,12011,6428,3645,1980,892,606,2008,9,F
2008-10-01,791362,57170,74358,69646,51953,65440,90689,87396,80452,71500,53971,38465,23759,12346,6711,3842,2088,928,648,2008,10,F
2008-11-01,796465,57771,74980,70368,52663,65724,90689,87225,80421,71593,54371,38870,24259,12655,6938,4022,2228,1005,683,2008,11,F
2008-12-01,801934,58913,76408,71705,53706,65354,90280,87272,80255,71513,54546,39125,24525,12915,7141,4177,2323,1069,707,2008,12,F
2009-01-01,821404,62244,79869,74985,55773,66210,91234,88320,81049,72292,55399,39641,25097,13269,7386,4339,2434,1112,751,2009,1,F
2009-02-01,833934,63638,81428,76403,56716,66870,91878,89530,82054,73163,56255,40168,25590,13605,7618,4505,2527,1191,795,2009,2,F
2009-03-01,842951,64947,82618,77580,57761,67077,92234,90162,82674,73561,56719,40539,25962,13927,7769,4691,2657,1248,825,2009,3,F
2009-04-01,864730,67529,85283,80077,59903,68090,93357,91671,83739,74449,57755,41392,26770,14659,8422,5501,3313,1677,1143,2009,4,F
2009-05-01,867781,68129,85705,80682,60347,67881,92880,91586,83533,74308,58031,41718,27172,15037,8584,5748,3446,1798,1196,2009,5,F
2009-06-01,888645,70444,88258,82875,62954,69693,94059,92771,84689,75371,59213,42632,28105,15757,8984,6084,3603,1897,1256,2009,6,F
2009-07-01,912083,72859,90694,85553,64949,71082,95422,94492,86487,77223,60854,43981,29101,16455,9444,6371,3784,1995,1337,2009,7,F
2009-08-01,953112,76033,95106,90114,68564,73375,98527,97896,89737,80146,63960,46409,31105,17697,10070,6814,4030,2129,1400,2009,8,F
2009-09-01,965816,77082,96526,92044,69932,74272,99001,98668,90186,80858,64688,47208,31695,18276,10400,7053,4226,2239,1462,2009,9,F
2009-10-01,980999,78886,98464,94439,71267,74948,99591,100020,91043,81618,65351,48075,32358,18799,10698,7226,4386,2321,1509,2009,10,F
2009-11-01,996832,80727,99869,96390,72509,76100,100417,101384,92010,82623,66196,49109,33124,19462,10959,7475,4536,2376,1566,2009,11,F
2009-12-01,1009490,82420,101569,98163,73400,76644,100792,101999,92644,83257,66777,50004,33875,19965,11258,7854,4711,2507,1651,2009,12,F
2010-01-01,1025138,84480,103288,99878,75399,78230,101763,103125,93546,83947,67428,50570,34383,20399,11508,8055,4829,2611,1699,2010,1,F
2010-02-01,1033109,84647,103627,100523,75824,79005,102248,103936,94303,84574,68108,51054,35019,20908,11718,8242,4951,2699,1723,2010,2,F
2010-03-01,1056021,88613,106296,102969,77886,81028,104051,105601,95696,85753,69109,51753,35703,21463,11996,8442,5109,2799,1754,2010,3,F
2010-04-01,1073795,91034,108204,104919,79442,82388,105560,107260,96884,87063,70150,52343,36286,21892,12117,8510,5153,2823,1767,2010,4,F
2010-05-01,1077038,91624,108461,105340,79667,82046,105392,107140,96534,87202,70321,52697,36665,22365,12406,8881,5448,2993,1856,2010,5,F
2010-06-01,1076639,92134,108094,105268,79926,82575,105238,107022,96005,86799,70154,52466,36618,22443,12495,8936,5500,3070,1896,2010,6,F
2010-07-01,1090569,93072,108961,106399,80843,83927,106295,108053,96892,87827,71194,53302,37499,23236,12885,9281,5723,3202,1978,2010,7,F
2010-08-01,1100912,94242,110042,107811,81974,84981,106836,108796,97415,88245,71618,53602,37848,23638,13112,9519,5844,3347,2042,2010,8,F
2010-09-01,1115075,95417,111187,109919,83445,85923,107771,109916,98430,88842,72601,54301,38451,24065,13455,9755,6013,3472,2112,2010,9,F
2010-10-01,1123748,95937,111951,111144,84101,86950,108368,110842,99235,89247,73134,54750,38444,24135,13632,9916,6176,3584,2202,2010,10,F
2010-11-01,1138852,97615,113398,112921,85328,87934,109336,112256,100160,90056,74116,55473,39226,24591,13988,10150,6353,3697,2254,2010,11,F
2010-12-01,1153957,98678,114461,114590,86325,89201,110793,113805,101206,90987,75249,56147,40006,25197,14290,10403,6515,3791,2313,2010,12,F
2011-01-01,1158132,99146,114038,114912,86571,89899,111001,114323,101342,91216,75459,56348,40381,25430,14609,10539,6680,3873,2365,2011,1,F
2011-02-01,1165491,100025,114708,115887,86722,90047,110649,114773,101591,91985,76197,56904,41124,25885,14947,10750,6918,3965,2414,2011,2,F
2011-03-01,1178268,101240,115657,117199,87719,91289,111578,115800,102111,92821,77051,57512,41709,26388,15378,11067,7158,4104,2487,2011,3,F
2011-04-01,1195559,103381,116747,118766,88694,92936,113041,117485,103516,93837,77956,58292,42545,26973,15816,11354,7441,4208,2571,2011,4,F
2011-05-01,1183495,102881,115354,117544,87792,92017,111935,116441,102359,92640,76979,57562,42053,26653,15760,11254,7415,4240,2616,2011,5,F
2011-06-01,1201471,104434,117028,119825,89141,92845,112950,117597,103460,93778,78266,58821,43123,27466,16390,11573,7690,4364,2720,2011,6,F
2011-07-01,1216371,105428,118083,121434,90304,94292,113955,118687,104364,94702,79340,59803,43868,27983,16990,11859,7974,4467,2838,2011,7,F
2011-08-01,1227282,105825,118695,122631,92018,95359,114776,119417,105045,95199,80266,60343,44565,28231,17383,12023,8067,4541,2898,2011,8,F
2011-09-01,1230429,106511,119096,122950,92584,96122,115284,119533,105227,94975,80055,60149,44530,28264,17537,12053,8114,4534,2911,2011,9,F
2011-10-01,1232311,106050,118218,122077,92129,96788,115839,120159,105627,95137,80844,60344,44523,28706,17821,12199,8263,4622,2965,2011,10,F
2011-11-01,1236593,106601,118512,122631,92086,96793,115719,120239,105819,95284,81547,60673,44998,29137,18066,12315,8484,4658,3031,2011,11,F
2011-12-01,1238006,106439,118532,122603,92184,97774,116008,120763,105984,95009,81600,60550,44815,29171,18127,12243,8494,4645,3065,2011,12,F
2012-01-01,1241753,106442,118269,122865,91902,97885,115953,121083,106054,94884,82269,61509,45409,29560,18457,12457,8725,4831,3199,2012,1,F
2012-02-01,1250010,107578,118794,124096,91910,97948,116434,121757,106704,95534,83163,62098,45835,29917,18723,12592,8764,4908,3255,2012,2,F
2012-03-01,1267445,109978,119985,125691,92917,99890,117887,122925,108006,96610,84326,62900,46478,30515,19116,12840,9001,5021,3359,2012,3,F
2012-04-01,1275441,110991,120375,126355,92955,100625,118775,123761,108624,97319,84914,63313,46935,30731,19289,12968,9036,5080,3395,2012,4,F
2012-05-01,1282524,111420,120872,127197,93309,100792,118896,124007,108964,97796,85811,64048,47478,31173,19688,13196,9235,5170,3472,2012,5,F
2012-06-01,1293695,113038,121601,128342,93566,102184,119685,124649,109729,98508,86456,64766,48067,31630,19980,13322,9329,5309,3534,2012,6,F
2012-07-01,1252345,108942,117280,124630,91145,96990,114537,120255,105978,95528,84385,63496,47277,31087,19673,13207,9205,5247,3483,2012,7,F
2012-08-01,1299062,113517,121197,129246,96107,102880,119431,124427,109332,98416,86936,65093,48499,31963,20004,13680,9399,5356,3579,2012,8,F
2012-09-01,1315030,114839,122207,130921,97328,104480,120939,125898,110383,99438,87999,65891,49113,32483,20230,14088,9611,5532,3650,2012,9,F
2012-10-01,1313736,113970,121880,131045,97306,103951,120786,126019,110560,99597,88104,65830,49153,32367,20203,14160,9606,5540,3659,2012,10,F
2012-11-01,1322205,114383,122507,131827,97103,104736,121521,127181,111537,100334,88638,66399,49552,32766,20399,14329,9686,5607,3700,2012,11,F
2012-12-01,1327638,115267,122896,132422,97102,105489,122193,127956,112115,100594,88668,66567,49566,32854,20496,14422,9738,5583,3710,2012,12,F
2013-01-01,1329548,115683,123065,133105,96661,105126,122092,127992,112087,100656,88834,66918,49831,33119,20634,14530,9804,5630,3781,2013,1,F
2013-02-01,1337958,116881,123492,133705,96699,106515,123092,128781,112671,101025,89307,67386,50149,33378,20862,14596,9893,5690,3836,2013,2,F
2013-03-01,1352397,118405,124196,135044,97506,107375,124242,129478,113653,101944,90433,68499,51173,34049,21368,15009,10149,5914,3960,2013,3,F
2013-04-01,1360156,118555,124639,135759,97942,108059,124798,130057,114367,102578,90980,69143,51755,34378,21700,15142,10301,5965,4038,2013,4,F
2013-05-01,1376695,119712,126083,137513,98534,109602,126063,131607,115460,103710,92075,70194,52751,35034,22206,15424,10485,6112,4130,2013,5,F
2013-06-01,1390510,120718,127325,138954,99352,110638,127249,132835,116374,104755,92841,71201,53395,35616,22519,15631,10641,6263,4203,2013,6,F
2013-07-01,1392216,120310,126984,138866,99195,111173,127400,132682,116320,104878,93155,71774,53646,35969,22729,15788,10760,6326,4261,2013,7,F
2013-08-01,1408341,122214,128424,140052,102199,112791,128498,133567,117198,106039,93762,72454,54208,36444,23065,15902,10866,6352,4306,2013,8,F
2013-09-01,1414581,122583,128928,140275,102415,113291,129207,134005,117963,106239,94044,73027,54561,36829,23375,16062,10999,6392,4386,2013,9,F
2013-10-01,1414508,121426,129055,140695,102490,112739,129016,133779,118203,106375,94220,73285,54552,37003,23542,16152,11054,6475,4447,2013,10,F
2013-11-01,1431489,124319,130576,142029,104267,114108,130389,134844,119473,107287,94936,74089,55150,37476,23910,16400,11142,6569,4525,2013,11,F
2013-12-01,1438575,124754,131225,142315,104881,114399,131171,135370,120304,107597,95284,74792,55515,37820,24105,16560,11257,6646,4580,2013,12,F
2014-01-01,1439765,125167,131374,142206,104680,114615,131514,135494,120582,107475,95172,74909,55420,37986,24195,16528,11258,6626,4564,2014,1,F
2014-02-01,1441195,126104,131892,142261,104237,115313,132052,135775,121144,107389,94848,74627,55031,37879,24050,16421,11128,6533,4511,2014,2,F
2014-03-01,1456016,126943,132587,143292,105283,116469,133557,136750,122167,108455,95828,75686,56019,38710,24585,16767,11466,6740,4712,2014,3,F
2014-04-01,1474449,128330,133782,144784,106906,117470,134722,137803,123757,109923,97177,77135,57079,39663,25249,17115,11766,6941,4847,2014,4,F
2014-05-01,1491597,130944,135188,146154,108474,119171,136368,138711,125187,111058,97742,78025,57601,40162,25678,17153,11951,7059,4971,2014,5,F
2014-06-01,1504480,132261,136137,146994,109677,120012,137638,139586,126180,111704,98368,78930,58181,40825,26233,17377,12098,7183,5096,2014,6,F
2014-07-01,1508361,132510,136796,147222,109457,120583,137872,139605,126811,111662,98668,79293,58594,41183,26517,17390,12033,7139,5026,2014,7,F
2014-08-01,1523762,132590,138442,148518,111519,122428,139720,140638,127952,112593,99391,80030,59305,41633,26840,17523,12248,7235,5157,2014,8,F
2014-09-01,1530217,132719,139140,148756,112424,122864,140392,140699,128494,112740,99734,80416,59928,42013,27183,17708,12391,7387,5229,2014,9,F
2014-10-01,1542742,132750,140483,149646,113591,123537,142201,141746,129920,113664,100488,80837,60529,42500,27592,17911,12514,7502,5331,2014,10,F
2014-11-01,1556523,132107,141483,150165,114750,124867,144232,143263,131411,114943,101536,81649,61367,43036,28062,18014,12659,7606,5373,2014,11,F
2014-12-01,1563274,134526,142030,150005,114932,125075,145090,143247,132212,115131,101975,81837,61774,43253,28166,18100,12819,7698,5404,2014,12,F
2015-01-01,1570852,134239,142329,149583,114097,126300,146874,143532,132638,115287,102093,82085,62294,43984,29179,18795,13622,8114,5807,2015,1,F
2015-02-01,1573087,134393,142512,149407,114204,126278,147504,143197,132636,115034,101860,82166,62391,44382,29751,19053,14008,8362,5949,2015,2,F
2015-03-01,1592712,137148,144506,151159,116808,126654,148670,144422,133848,116243,102977,83274,63140,45136,30374,19356,14312,8554,6131,2015,3,F
2015-04-01,1614159,139163,145446,151908,119072,129697,150958,146465,135616,117452,104543,84274,63927,45707,30977,19542,14510,8658,6244,2015,4,F
2015-05-01,1628544,140015,146624,152892,120232,131477,152622,147606,136755,118214,105370,85120,64547,46301,31372,19662,14596,8770,6369,2015,5,F
2015-06-01,1635900,140335,147080,153203,121120,132343,153650,147898,137476,118450,105857,85674,64813,46668,31631,19785,14661,8843,6413,2015,6,F
2015-07-01,1637601,139117,147152,152718,121223,132808,154251,147983,137763,118467,106052,86020,65110,46924,32001,19867,14719,8915,6511,2015,7,F
2015-08-01,1645926,141386,147644,152783,122433,133775,155401,148374,138366,118785,106202,86286,65187,47050,32155,19916,14717,8866,6600,2015,8,F
2015-09-01,1643239,141148,147645,151984,123422,132780,155058,147745,138061,118538,105700,86418,65167,47153,32181,19968,14736,8853,6682,2015,9,F
2015-10-01,1661989,141168,149181,152955,125276,134723,157359,149410,140015,119937,106779,87546,66001,48036,32612,20254,14912,9024,6801,2015,10,F
2015-11-01,1670477,142116,149823,153304,125440,135377,158996,150302,140958,120573,107160,88028,66085,48310,32729,20400,14965,9064,6847,2015,11,F
2015-12-01,1665027,138682,149152,152034,125184,134795,159496,149838,140861,120443,107146,88397,66095,48420,32952,20463,14998,9138,6933,2015,12,F
2016-01-01,1677180,142433,150755,152877,125988,135161,160435,150171,141510,120813,107601,88708,66427,48926,33261,20728,15106,9275,7005,2016,1,F
2016-02-01,1682005,144419,151491,153220,126083,135464,160898,150270,141688,120858,107878,88902,66430,49102,33201,20823,15036,9263,6979,2016,2,F
2016-03-01,1714950,147911,155475,156241,129001,138055,164193,153164,144051,122478,109844,90285,67533,49967,33712,21206,15294,9422,7118,2016,3,F
2016-04-01,1723159,148580,156292,156277,130494,139063,164844,153443,144427,123118,110132,90877,68003,50268,33947,21383,15371,9471,7169,2016,4,F
2016-05-01,1737572,151785,158180,157434,132188,139721,166118,154100,145231,123847,110525,91308,68327,50658,34246,21570,15462,9592,7280,2016,5,F
2016-06-01,1737992,150532,158614,157359,131452,139836,166737,154397,145521,123812,110453,91423,68511,50778,34334,21751,15452,9674,7356,2016,6,F
2016-07-01,1756543,154552,160811,158747,132355,141453,168012,155275,146466,124484,111195,92327,69365,51468,34686,22341,15660,9889,7457,2016,7,F
2016-08-01,1757382,152308,161103,158218,134850,142090,168476,155225,146370,124295,110731,92383,69373,51601,34625,22568,15699,9958,7509,2016,8,F
2016-09-01,1771440,154050,163408,159527,136548,142658,169745,155712,147115,124832,111263,93114,70027,52143,35018,22935,15755,10078,7512,2016,9,F
2016-10-01,1779110,153740,164005,159729,136876,143538,170811,156306,147833,125471,111861,94091,70395,52456,35261,23162,15807,10187,7581,2016,10,F
2016-11-01,1774723,153119,163570,158957,135981,143197,170586,155891,147802,125317,111219,94278,70355,52447,35450,23172,15759,10180,7443,2016,11,F
2016-12-01,1782038,153839,164572,159856,136572,143623,171742,156678,148557,125918,111277,94969,70405,52312,35169,23217,15717,10216,7399,2016,12,F
2017-01-01,1784238,153155,164776,159617,136295,144073,172421,156581,148954,126120,111651,95615,70703,52257,35088,23373,15790,10267,7502,2017,1,F
2017-02-01,1797800,155853,166942,161087,137278,144097,173603,157407,150072,126842,111951,96373,71160,52546,35301,23548,15812,10330,7598,2017,2,F
2017-03-01,1811927,157049,168616,161968,138797,144812,175150,158699,151364,127607,112560,97194,71700,53068,35671,23856,15891,10299,7626,2017,3,F
2017-04-01,1840744,159722,171059,164132,141567,147573,178157,161215,153424,129533,114143,98720,72794,53701,36102,24301,16234,10546,7821,2017,4,F
2017-05-01,1860538,161716,173107,166031,143561,148540,179652,162435,154620,130976,115555,100116,73814,54285,36545,24592,16392,10670,7931,2017,5,F
2017-06-01,1869250,163277,175131,167290,145432,149386,180138,162717,154613,130815,115757,100230,74014,54410,36438,24575,16383,10662,7982,2017,6,F
2017-07-01,1886150,165191,177183,167973,147488,150780,181789,164053,155620,131490,116637,101355,74649,54977,36746,24780,16589,10757,8093,2017,7,F
2017-08-01,1886498,165016,177681,167415,148300,150319,181786,163723,155726,131468,116721,101507,74699,55118,37013,24590,16680,10646,8090,2017,8,F
2017-09-01,1890884,164946,178887,167500,149189,150850,183170,164234,156005,131679,116641,101264,74426,54805,36968,24500,16956,10726,8138,2017,9,F
2017-10-01,1895706,164499,179214,167350,149561,150338,183519,164426,156150,132246,117231,102086,74861,55490,37457,24757,17312,10936,8273,2017,10,F
2017-11-01,1909628,165983,180413,167869,149872,150837,185919,165580,157186,133234,118141,102995,75703,56037,37975,25008,17558,11011,8307,2017,11,F
2017-12-01,1925426,166963,182137,168667,150901,152535,188012,166633,158855,134401,119229,103624,76164,56295,38311,25295,17824,11157,8423,2017,12,F
2018-01-01,1925260,167001,183138,169052,151198,152072,187858,166302,158340,134217,118884,103365,76259,56228,38397,25267,17897,11244,8541,2018,1,F
2018-02-01,1929043,168739,183898,169112,151347,151621,188467,166589,158588,134255,118573,103307,76494,56446,38484,25414,17946,11254,8509,2018,2,F
2018-03-01,1935637,167174,184238,168806,152703,151670,189095,167382,159088,134864,119260,103965,77264,57058,38915,25912,18124,11450,8669,2018,3,F
2018-04-01,1968338,172574,187548,171079,156358,154741,191995,169705,160891,136399,120718,105349,78482,57907,39479,26313,18370,11647,8783,2018,4,F
2018-05-01,1973977,173172,187899,171516,157370,154889,192520,169784,161294,136572,121055,105522,78889,58321,39772,26461,18447,11639,8855,2018,5,F
2018-06-01,1992190,175591,189479,172739,159387,156318,194705,171253,162450,137312,122050,106085,79863,58691,40192,26760,18601,11742,8972,2018,6,F
2018-07-01,2003877,176589,190438,173611,160470,157365,195596,172056,163068,137867,122685,106836,80698,59106,40722,26995,18805,11874,9096,2018,7,F
2018-08-01,1996527,175249,189808,173070,160186,155907,194228,171022,162206,137661,122437,106636,81021,59177,40844,27152,18781,11986,9156,2018,8,F
2018-09-01,2018905,176813,191692,174926,161759,158596,196810,172745,164006,139102,124061,107564,81878,59795,41414,27424,18952,12092,9276,2018,9,F
2018-10-01,2028189,176721,193406,176476,163081,159056,197862,173521,164905,139518,123854,107742,82306,59975,41719,27554,19046,12179,9268,2018,10,F
2018-11-01,2048400,178369,195507,178387,163847,160551,199675,175524,166021,141108,124716,108728,83586,60781,42445,28064,19348,12262,9481,2018,11,F
2018-12-01,2057807,178663,196155,179107,163898,161667,200883,176561,167019,141879,125060,108971,84220,61224,42820,28255,19487,12392,9546,2018,12,F
2019-01-01,2058621,178053,196678,179164,163116,161637,201030,177286,166266,141804,125180,109156,84591,61315,43210,28484,19503,12470,9678,2019,1,F
2019-02-01,2067972,179185,197533,179876,163655,162457,202092,177611,166730,142676,125727,109655,85170,61583,43566,28627,19582,12516,9731,2019,2,F
2019-03-01,2084675,179911,199180,180785,164796,163903,204453,179135,168450,143702,126471,110517,85854,62141,44124,28997,19748,12675,9833,2019,3,F
2019-04-01,2093579,180998,200024,180973,166004,164478,204744,180053,167930,144350,127303,111356,86461,62598,44456,29270,19815,12828,9938,2019,4,F
2019-05-01,2091421,178317,199596,180381,166164,163874,204610,180414,167719,144807,127406,110930,87003,62900,44799,29663,19813,12923,10102,2019,5,F
2019-06-01,2100051,179710,200366,180831,164879,164522,205860,181575,168679,145573,127832,111339,87625,63264,45066,29994,19805,13004,10127,2019,6,F
2019-07-01,2106857,181083,200993,181712,165042,164405,206265,182135,168417,146410,128083,112139,87850,63582,45305,30245,19871,13054,10266,2019,7,F
2019-08-01,2116067,181816,201380,182548,166261,165273,207142,183234,168894,147087,128566,112409,88220,63828,45560,30393,19938,13133,10385,2019,8,F
2019-09-01,2124945,182267,202294,183778,166522,165754,207819,184296,169283,148052,128722,112508,88655,64604,45867,30658,20116,13286,10464,2019,9,F
2019-10-01,2129596,181238,202574,184501,165549,165634,208047,185422,169036,148812,129156,113408,89416,65212,46320,31083,20211,13370,10607,2019,10,F
2019-11-01,2137899,182672,203182,185521,165280,166512,209335,186753,169671,149382,129336,113167,89264,65627,46545,31329,20198,13449,10676,2019,11,F
2019-12-01,2102271,179727,199772,182995,162261,163746,206114,184393,166852,147224,126841,111180,87448,64408,45556,30543,19571,13178,10462,2019,12,F
2020-01-01,2120836,180470,201170,185023,162930,164205,207232,186319,167642,148801,127964,112430,88840,65581,46600,31427,19879,13581,10742,2020,1,F
2020-02-01,2123806,181525,201223,185660,162223,164634,207239,187253,167687,149138,127993,112248,89090,65608,46683,31552,19745,13578,10727,2020,2,F
2020-03-01,2133474,183097,202024,186664,163014,165611,207908,188438,168463,149708,128585,112683,89389,65596,46767,31629,19593,13549,10756,2020,3,F
2020-04-01,2002937,169004,189364,175347,153631,155257,194979,177635,158828,141720,121228,106333,84370,61458,43501,29450,18131,12619,10082,2020,4,F
2020-05-01,2018050,167596,190818,176881,155235,153026,194975,179178,160383,143090,122719,108426,86114,62793,44718,30167,18547,12867,10517,2020,5,F
2020-06-01,2077557,170583,195520,181071,160058,157421,199600,183809,163975,146927,126361,112322,89784,65798,47314,32205,19734,13713,11362,2020,6,F
2020-07-01,2092513,171654,197138,182606,162639,159065,200839,185476,165189,148037,126644,112670,90063,65894,47503,32446,19679,13592,11379,2020,7,F
2020-08-01,2073980,169165,194951,180726,162953,157934,198169,183757,163697,147009,125651,111816,89433,65202,47031,32247,19484,13483,11272,2020,8,F
2020-09-01,2072847,168182,194885,180364,164427,158763,198220,183787,163124,147056,125453,111447,89295,64845,46918,31987,19423,13395,11276,2020,9,F
2020-10-01,2093074,169264,196034,182169,167361,160405,198974,185433,164320,148357,126819,112453,90601,65799,47891,32605,19812,13512,11265,2020,10,F
2020-11-01,2066198,167328,193442,179891,166590,159083,196145,183515,162254,146786,124927,110487,88884,64368,46847,31977,19376,13224,11074,2020,11,F
2020-12-01,2107217,170060,197138,183261,170698,163535,200041,187597,164954,149374,126883,111971,90764,65472,47971,32810,19826,13520,11342,2020,12,F
2021-01-01,2057640,165571,192343,179075,166948,159842,195393,184092,161498,146498,124126,109745,88579,63430,46426,31463,19031,12879,10701,2021,1,F
2021-02-01,1969637,161593,186271,172783,144927,146984,189267,179110,156248,141157,118909,105635,85867,61965,45729,31071,18862,12708,10551,2021,2,F
2021-03-01,2006607,165666,189932,176364,143422,150297,193139,183043,159225,143953,120850,108000,87676,63228,46826,31771,19430,12964,10821,2021,3,F
2021-04-01,2007915,166341,190450,176585,143619,151819,193832,183534,159160,143455,120741,107422,87273,62786,46486,31433,19355,12875,10749,2021,4,F
2021-05-01,2042123,168742,193404,179562,148253,155777,196339,186565,161204,145629,122514,109003,88422,63894,47202,31923,19782,13104,10804,2021,5,F
2021-06-01,2045224,168958,193365,180021,146599,155810,196675,187229,161300,146039,122844,109495,89079,64340,47529,32107,20010,13062,10762,2021,6,F
2021-07-01,2075092,171249,195766,182969,149168,158797,199927,189957,163634,148213,124389,110750,90272,65197,48132,32286,20475,13035,10876,2021,7,F
2021-08-01,2101079,172202,197518,185363,151227,161768,202839,192800,165501,149989,125645,111645,91533,66079,49041,32741,20971,13228,10989,2021,8,F
2021-09-01,2110432,170965,197705,187025,151380,162665,203935,194143,166418,150930,126241,112221,92202,66581,49294,32945,21254,13375,11153,2021,9,F
2021-10-01,2126097,174199,198073,187722,152535,164683,205336,195715,167125,151730,126833,112770,93163,67074,49669,33237,21494,13465,11274,2021,10,F
2021-11-01,2149139,175831,199582,189855,153701,166930,207847,198122,168698,153253,128331,113832,94616,67845,50324,33705,21744,13546,11377,2021,11,F
2021-12-01,2144438,175308,198855,189705,153127,166850,207130,197977,168185,153079,128195,113247,94815,67860,49973,33635,21716,13385,11396,2021,12,F
2022-01-01,2167907,176518,200393,191850,153490,168117,209935,201316,170269,155491,129896,114301,95917,68694,50503,34143,22004,13495,11575,2022,1,F
2022-02-01,2159888,176683,199206,191547,152491,167461,208449,200659,169381,154813,129174,113647,95767,68707,50509,34205,22186,13426,11577,2022,2,F
2022-03-01,2204191,180591,202940,195564,155721,171032,212467,205579,172787,157820,131458,115875,97849,70146,51422,34839,22624,13676,11801,2022,3,F
2022-04-01,2208999,179689,203210,196051,155244,171764,212616,206231,173518,158303,131964,116383,98507,70587,51706,35005,22717,13649,11855,2022,4,F
2022-05-01,2217599,182294,204532,197110,156117,173033,213013,207197,173492,157915,131702,116287,98618,70882,51732,35213,22851,13710,11901,2022,5,F
2022-06-01,2235109,183465,206432,198946,157145,174539,214069,208770,174864,158947,132727,117200,99478,71668,52360,35511,23106,13834,12048,2022,6,F
2022-07-01,2246822,184260,207456,200216,157136,175558,216015,210520,176101,159987,133199,117436,99860,71825,52499,35623,23075,13948,12108,2022,7,F
2022-08-01,2264607,185089,209291,202408,158147,177487,217565,212513,177202,161005,133983,118159,100758,72396,52968,36134,23142,14205,12155,2022,8,F
2022-09-01,2270107,184812,209566,203491,157655,178123,218062,213938,177657,161450,134168,118549,101087,72552,52996,36282,23023,14448,12248,2022,9,F
2022-10-01,2278611,184481,210510,204715,157905,178303,218075,215152,178448,162163,135124,119143,101811,72999,53393,36581,23060,14559,12189,2022,10,F
2022-11-01,2285247,184522,211453,205445,157621,179687,219415,216835,179195,162731,135438,119236,101472,72543,53261,36511,23090,14593,12199,2022,11,F
2022-12-01,2290543,184160,211522,206185,157284,180313,219660,217848,179751,163510,135835,119668,101874,72923,53340,36478,23067,14770,12355,2022,12,F
2023-01-01,2287790,183004,211284,206003,155806,179351,219225,218384,179948,163603,135987,119627,101909,73287,53424,36667,23111,14803,12367,2023,1,F
2023-02-01,2288435,182732,211247,206165,155113,178483,218275,218711,180183,163966,136263,119728,102458,73815,53765,36813,23306,14968,12444,2023,2,F
2023-03-01,2316700,185644,214269,208805,156988,180775,220505,221775,182288,165662,137778,121172,103517,74711,54330,37143,23627,15114,12597,2023,3,F
2023-04-01,2281160,181986,210881,205594,154532,179147,217633,218932,180007,163233,135929,119302,101893,73220,52924,35931,22984,14681,12351,2023,4,F
2023-05-01,2306988,184424,213495,208154,156315,180784,219138,221600,181506,165105,137041,120780,102881,74465,53770,36636,23516,14849,12529,2023,5,F
2023-06-01,2309539,184343,213879,208296,156192,180849,218904,222373,182010,165406,137078,120856,102872,74922,53728,36805,23585,14847,12594,2023,6,F
2023-07-01,2292421,182731,212599,207047,155082,178144,216342,220648,181120,164590,136201,120194,102338,74680,53209,36585,23508,14812,12591,2023,7,F
2023-08-01,2278578,180597,211333,206307,154604,175124,213646,219405,180177,163817,136122,120062,102134,74845,53128,36519,23419,14730,12609,2023,8,F
2023-09-01,2290070,181013,212289,207497,155351,176252,215512,221028,180927,164601,136696,120286,102458,75263,53369,36655,23522,14744,12607,2023,9,F
2023-10-01,2293913,180514,212673,208361,155920,175085,214923,221334,181169,165070,137536,120981,103032,75989,53473,36981,23636,14691,12545,2023,10,F
2023-11-01,2291841,180083,212691,208918,155522,174272,214712,221689,181584,165109,137839,120881,102464,75336,53119,36875,23556,14717,12474,2023,11,F
