Periodo de Cobertura,Year,Month,Total general_cotizantes,Total Región Distrito Nacional_cotizantes,Total 0 - Santo Domingo_cotizantes,Total Región Este_cotizantes,Total V - Este_cotizantes,Total Región Norte_cotizantes,Total II - Norcentral_cotizantes,Total III - Nordeste_cotizantes,Total VII - Cibao Occidental_cotizantes,Total VIII - Cibao Central_cotizantes,Total Región Sur_cotizantes,Total I - Valdesia_cotizantes,Total IV - Enriquillo_cotizantes,Total VI - El Valle_cotizantes,Total general_nocotizantes,Total Región Distrito Nacional_nocotizantes,Total 0 - Santo Domingo_nocotizantes,Total Región Este_nocotizantes,Total V - Este_nocotizantes,Total Región Norte_nocotizantes,Total II - Norcentral_nocotizantes,Total III - Nordeste_nocotizantes,Total VII - Cibao Occidental_nocotizantes,Total VIII - Cibao Central_nocotizantes,Total Región Sur_nocotizantes,Total I - Valdesia_nocotizantes,Total IV - Enriquillo_nocotizantes,Total VI - El Valle_nocotizantes,Total general,Total Región Distrito Nacional,Total 0 - Santo Domingo,Total Región Este,Total V - Este,Total Región Norte,Total II - Norcentral,Total III - Nordeste,Total VII - Cibao Occidental,Total VIII - Cibao Central,Total Región Sur,Total I - Valdesia,Total IV - Enriquillo,Total VI - El Valle
2007-09-01,2007,9,805496,334858,334858,66088,66088,161131,102943,18234,12494,27460,58092,34027,11060,13005,402546,204426,204426,26384,26384,84400,50189,11068,7113,16030,36287,20126,7110,9051,1208042,539284,539284,92472,92472,245531,153132,29302,19607,43490,94379,54153,18170,22056
2007-10-01,2007,10,903242,362220,362220,71774,71774,191360,113590,25669,17162,34939,73683,39397,15992,18294,481568,225383,225383,31958,31958,117411,63229,19003,11287,23892,55349,26640,12958,15751,1384810,587603,587603,103732,103732,308771,176819,44672,28449,58831,129032,66037,28950,34045
2007-11-01,2007,11,915500,362981,362981,72303,72303,194285,115883,25594,17286,35522,74948,40537,16041,18370,506475,236631,236631,33376,33376,125865,68810,19834,11915,25306,58319,28420,13522,16377,1421975,599612,599612,105679,105679,320150,184693,45428,29201,60828,133267,68957,29563,34747
2007-12-01,2007,12,941619,371593,371593,73465,73465,197388,115896,26242,17757,37493,76237,41005,16327,18905,535562,249104,249104,36404,36404,134515,72518,21586,12560,27851,62313,30179,14460,17674,1477181,620697,620697,109869,109869,331903,188414,47828,30317,65344,138550,71184,30787,36579
2008-01-01,2008,1,939349,369779,369779,75946,75946,198171,116903,26358,17450,37460,76239,41199,16232,18808,546150,253946,253946,37815,37815,137345,74339,21984,12681,28341,63379,31045,14535,17799,1485499,623725,623725,113761,113761,335516,191242,48342,30131,65801,139618,72244,30767,36607
2008-02-01,2008,2,932574,367354,367354,76014,76014,195309,114549,26446,17356,36958,75611,40558,16475,18578,565039,262909,262909,39533,39533,142874,77709,22826,13151,29188,65016,32305,14523,18188,1497613,630263,630263,115547,115547,338183,192258,49272,30507,66146,140627,72863,30998,36766
2008-03-01,2008,3,951361,370943,370943,76629,76629,200056,117804,26554,17569,38129,77008,41665,16569,18774,577657,269173,269173,40170,40170,145991,79233,23107,13509,30142,66998,33600,14839,18559,1529018,640116,640116,116799,116799,346047,197037,49661,31078,68271,144006,75265,31408,37333
2008-04-01,2008,4,969551,370061,370061,77058,77058,201124,118913,26615,17499,38097,76648,41192,16517,18939,595369,277030,277030,42382,42382,150942,82306,23833,13867,30936,68009,34038,15116,18855,1564920,647091,647091,119440,119440,352066,201219,50448,31366,69033,144657,75230,31633,37794
2008-05-01,2008,5,962794,369689,369689,77113,77113,200992,119025,26691,17627,37649,76890,41354,16492,19044,622228,287199,287199,45429,45429,160754,87823,25171,14689,33071,71578,35850,15796,19932,1585022,656888,656888,122542,122542,361746,206848,51862,32316,70720,148468,77204,32288,38976
2008-06-01,2008,6,982560,375269,375269,76718,76718,203917,120215,26984,17990,38728,78576,42194,16874,19508,644595,296375,296375,46867,46867,168172,91414,26351,15559,34848,75345,37303,17026,21016,1627155,671644,671644,123585,123585,372089,211629,53335,33549,73576,153921,79497,33900,40524
2008-07-01,2008,7,975992,372065,372065,75885,75885,201743,119575,26751,18077,37340,77978,41761,16720,19497,675951,307335,307335,51417,51417,176824,96582,27853,16150,36239,78124,38917,17579,21628,1651943,679400,679400,127302,127302,378567,216157,54604,34227,73579,156102,80678,34299,41125
2008-08-01,2008,8,987719,371905,371905,74741,74741,201591,120248,27294,18279,35770,78196,41792,16646,19758,672797,303801,303801,50110,50110,181462,99802,28551,16638,36471,78919,39245,17681,21993,1660516,675706,675706,124851,124851,383053,220050,55845,34917,72241,157115,81037,34327,41751
2008-09-01,2008,9,982420,370381,370381,74358,74358,201381,119612,27028,18341,36400,77378,41001,16618,19759,678652,305281,305281,51186,51186,184752,101933,28895,17195,36729,79065,39273,17648,22144,1661072,675662,675662,125544,125544,386133,221545,55923,35536,73129,156443,80274,34266,41903
2008-10-01,2008,10,990262,375576,375576,75435,75435,203680,120286,27158,18756,37480,78929,41996,16833,20100,694086,311597,311597,53348,53348,189107,104365,29466,17440,37836,80920,40457,17811,22652,1684348,687173,687173,128783,128783,392787,224651,56624,36196,75316,159849,82453,34644,42752
2008-11-01,2008,11,988605,372502,372502,73139,73139,201686,119881,27249,19007,35549,78984,41968,16780,20236,700174,313038,313038,52627,52627,191807,105705,30044,17940,38118,82277,41289,18052,22936,1688779,685540,685540,125766,125766,393493,225586,57293,36947,73667,161261,83257,34832,43172
2008-12-01,2008,12,981402,369213,369213,73133,73133,200252,118483,27353,18988,35428,78212,41402,16745,20065,710857,317447,317447,54025,54025,196162,108327,30775,18316,38744,83108,41700,18164,23244,1692259,686660,686660,127158,127158,396414,226810,58128,37304,74172,161320,83102,34909,43309
2009-01-01,2009,1,990803,372972,372972,74694,74694,199873,117273,27486,19021,36093,78862,41463,17037,20362,741340,330601,330601,57984,57984,205849,113265,32055,19197,41332,86557,43787,18637,24133,1732143,703573,703573,132678,132678,405722,230538,59541,38218,77425,165419,85250,35674,44495
2009-02-01,2009,2,991334,371580,371580,76437,76437,198586,116318,27789,18992,35487,79108,41630,17093,20385,761728,338087,338087,60586,60586,212418,117436,32759,19527,42696,88212,44799,18966,24447,1753062,709667,709667,137023,137023,411004,233754,60548,38519,78183,167320,86429,36059,44832
2009-03-01,2009,3,995438,369837,369837,76775,76775,201711,117967,28132,18982,36630,79634,41848,17085,20701,775832,344557,344557,62720,62720,215750,118937,33954,19820,43039,90032,45971,19169,24892,1771270,714394,714394,139495,139495,417461,236904,62086,38802,79669,169666,87819,36254,45593
2009-04-01,2009,4,1007585,373054,373054,76793,76793,203908,119401,28535,19069,36903,80077,42053,17041,20983,804431,358966,358966,65601,65601,223814,122936,35306,20553,45019,93155,47565,19621,25969,1812016,732020,732020,142394,142394,427722,242337,63841,39622,81922,173232,89618,36662,46952
2009-05-01,2009,5,998016,369131,369131,76457,76457,203716,119323,28604,19296,36493,78980,41372,16824,20784,812317,362172,362172,67585,67585,228098,125624,35990,20871,45613,93114,47494,19721,25899,1810333,731303,731303,144042,144042,431814,244947,64594,40167,82106,172094,88866,36545,46683
2009-06-01,2009,6,1010032,374258,374258,76206,76206,206166,120075,29045,19789,37257,79830,41917,16922,20991,843186,375733,375733,70691,70691,236418,128484,37543,21852,48539,97350,49890,20372,27088,1853218,749991,749991,146897,146897,442584,248559,66588,41641,85796,177180,91807,37294,48079
2009-07-01,2009,7,1029884,375807,375807,75306,75306,208022,120466,29271,20275,38010,80674,42751,16857,21066,872676,386765,386765,73789,73789,246188,133419,39058,22996,50715,101138,51793,21185,28160,1902560,762572,762572,149095,149095,454210,253885,68329,43271,88725,181812,94544,38042,49226
2009-08-01,2009,8,1077250,403165,403165,79266,79266,217445,125143,31314,21539,39449,85950,45601,17836,22513,912976,407842,407842,77023,77023,257038,138623,41241,24384,52790,106496,54738,22105,29653,1990226,811007,811007,156289,156289,474483,263766,72555,45923,92239,192446,100339,39941,52166
2009-09-01,2009,9,1086332,405179,405179,80122,80122,220644,126258,32144,22286,39956,87104,46056,18173,22875,930044,414679,414679,78207,78207,263533,141581,42363,25166,54423,108508,56018,22181,30309,2016376,819858,819858,158329,158329,484177,267839,74507,47452,94379,195612,102074,40354,53184
2009-10-01,2009,10,1087741,406085,406085,78913,78913,222724,126748,32342,22340,41294,87336,46007,18318,23011,952664,423149,423149,80173,80173,271584,145128,43707,26232,56517,111674,57414,22983,31277,2040405,829234,829234,159086,159086,494308,271876,76049,48572,97811,199010,103421,41301,54288
2009-11-01,2009,11,1095545,410510,410510,78760,78760,223146,127007,32151,22707,41281,88609,46307,18703,23599,970589,431384,431384,81313,81313,278296,149079,44557,26834,57826,114538,58882,23518,32138,2066134,841894,841894,160073,160073,501442,276086,76708,49541,99107,203147,105189,42221,55737
2009-12-01,2009,12,1101692,411502,411502,80534,80534,225483,127968,33355,22786,41374,89233,46602,18785,23846,986607,436785,436785,83013,83013,285110,152510,46450,27507,58643,116537,59970,24053,32514,2088299,848287,848287,163547,163547,510593,280478,79805,50293,100017,205770,106572,42838,56360
2010-01-01,2010,1,1106637,412758,412758,82072,82072,225417,127604,33181,22967,41665,89118,46296,18895,23927,1010084,446827,446827,85380,85380,293532,156272,48070,28573,60617,118773,60831,24434,33508,2116721,859585,859585,167452,167452,518949,283876,81251,51540,102282,207891,107127,43329,57435
2010-02-01,2010,2,1109888,412746,412746,82647,82647,225062,126129,33635,23084,42214,89693,46859,18875,23959,1023756,452337,452337,86088,86088,297140,158569,48473,28806,61292,120710,62032,24756,33922,2133644,865083,865083,168735,168735,522202,284698,82108,51890,103506,210403,108891,43631,57881
2010-03-01,2010,3,1132104,416544,416544,83171,83171,228739,128916,33697,23267,42859,90007,47216,18695,24096,1048918,464124,464124,88848,88848,304219,161420,49770,29766,63263,124265,63699,25628,34938,2181022,880668,880668,172019,172019,532958,290336,83467,53033,106122,214272,110915,44323,59034
2010-04-01,2010,4,1149674,420343,420343,84299,84299,232430,131623,33332,23528,43947,90429,47441,18788,24200,1070980,472450,472450,90484,90484,312892,166179,50433,30339,65941,126632,65120,26049,35463,2220654,892793,892793,174783,174783,545322,297802,83765,53867,109888,217061,112561,44837,59663
2010-05-01,2010,5,1141771,418309,418309,84385,84385,231363,132058,33735,23268,42302,90039,47497,18814,23728,1080460,475643,475643,91929,91929,315363,168999,51097,30630,64637,127685,65744,26279,35662,2222231,893952,893952,176314,176314,546726,301057,84832,53898,106939,217724,113241,45093,59390
2010-06-01,2010,6,1130230,411909,411909,83159,83159,229599,131579,33269,22646,42105,88485,47348,18537,22600,1087960,476230,476230,93056,93056,319192,171669,51484,30651,65388,127812,66510,26264,35038,2218190,888139,888139,176215,176215,548791,303248,84753,53297,107493,216297,113858,44801,57638
2010-07-01,2010,7,1141222,417203,417203,83065,83065,230323,131933,33432,23035,41923,88804,47246,18561,22997,1103022,484823,484823,93753,93753,323045,173898,51860,31097,66190,128873,66950,26344,35579,2244244,902026,902026,176818,176818,553368,305831,85292,54132,108113,217677,114196,44905,58576
2010-08-01,2010,8,1144899,416592,416592,83393,83393,232957,133802,33460,23360,42335,89192,47435,18706,23051,1119627,490430,490430,95515,95515,329744,177949,52519,32033,67243,130448,67655,26631,36162,2264526,907022,907022,178908,178908,562701,311751,85979,55393,109578,219640,115090,45337,59213
2010-09-01,2010,9,1150815,421356,421356,82932,82932,233715,133588,33953,22987,43187,88605,47253,18398,22954,1141199,498388,498388,96432,96432,338471,181827,54202,32750,69692,132961,69008,27353,36600,2292014,919744,919744,179364,179364,572186,315415,88155,55737,112879,221566,116261,45751,59554
2010-10-01,2010,10,1154310,423073,423073,83074,83074,234628,133737,34072,23449,43370,88913,47688,18323,22902,1153249,502182,502182,98047,98047,342821,184836,54747,33153,70085,133485,69699,26994,36792,2307559,925255,925255,181121,181121,577449,318573,88819,56602,113455,222398,117387,45317,59694
2010-11-01,2010,11,1166916,431200,431200,83389,83389,241010,136880,34868,24010,45252,91970,49212,19062,23696,1168798,510659,510659,98167,98167,347987,187133,55766,33560,71528,135709,71085,27410,37214,2335714,941859,941859,181556,181556,588997,324013,90634,57570,116780,227679,120297,46472,60910
2010-12-01,2010,12,1181150,433841,433841,85353,85353,242729,137499,35390,24198,45642,93156,49832,19293,24031,1182933,515355,515355,99628,99628,353938,190521,56699,34263,72455,137692,72024,27920,37748,2364083,949196,949196,184981,184981,596667,328020,92089,58461,118097,230848,121856,47213,61779
2011-01-01,2011,1,1182984,432759,432759,85666,85666,241467,136359,35575,24138,45395,93231,49849,19376,24006,1183149,515050,515050,100466,100466,353643,190080,57127,34452,71984,138028,72052,28043,37933,2366133,947809,947809,186132,186132,595110,326439,92702,58590,117379,231259,121901,47419,61939
2011-02-01,2011,2,1181928,429409,429409,85756,85756,240023,134911,35587,23940,45585,92353,49334,19129,23890,1200206,520747,520747,102101,102101,358940,192359,58244,34948,73389,139932,73123,28405,38404,2382134,950156,950156,187857,187857,598963,327270,93831,58888,118974,232285,122457,47534,62294
2011-03-01,2011,3,1194822,430774,430774,86766,86766,243292,137637,35937,23930,45788,93452,49661,19330,24461,1214439,526006,526006,103778,103778,363650,194468,59208,35517,74457,141679,73971,28734,38974,2409261,956780,956780,190544,190544,606942,332105,95145,59447,120245,235131,123632,48064,63435
2011-04-01,2011,4,1209403,434047,434047,87739,87739,247087,139503,36516,24165,46903,94716,50263,19557,24896,1233383,532322,532322,105621,105621,370947,197894,60708,36359,75986,143953,75272,29021,39660,2442786,966369,966369,193360,193360,618034,337397,97224,60524,122889,238669,125535,48578,64556
2011-05-01,2011,5,1183558,429608,429608,85727,85727,240339,136614,34819,23026,45880,90671,47705,19140,23826,1228348,531377,531377,104978,104978,369304,197532,60066,35770,75936,141147,73266,28868,39013,2411906,960985,960985,190705,190705,609643,334146,94885,58796,121816,231818,120971,48008,62839
2011-06-01,2011,6,1198763,433112,433112,86348,86348,248317,140675,36625,24056,46961,93703,49788,19185,24730,1247276,537452,537452,106411,106411,376922,201396,61891,36601,77034,144771,75265,29488,40018,2446039,970564,970564,192759,192759,625239,342071,98516,60657,123995,238474,125053,48673,64748
2011-07-01,2011,7,1214674,437659,437659,87651,87651,250742,141483,36869,24372,48018,95595,51002,19377,25216,1265469,542713,542713,109594,109594,383104,204430,62592,37169,78913,147413,77130,29595,40688,2480143,980372,980372,197245,197245,633846,345913,99461,61541,126931,243008,128132,48972,65904
2011-08-01,2011,8,1219579,438571,438571,87654,87654,251427,141642,37200,24455,48130,110883,50594,35278,25011,1281749,548473,548473,110720,110720,389515,207374,63940,37950,80251,149114,77931,30376,40807,2501328,987044,987044,198374,198374,640942,349016,101140,62405,128381,259997,128525,65654,65818
2011-09-01,2011,9,1215711,436642,436642,87897,87897,252406,142281,37540,24433,48152,103930,50449,28133,25348,1287998,549075,549075,111174,111174,394447,209771,65075,38592,81009,149734,78035,30221,41478,2503709,985717,985717,199071,199071,646853,352052,102615,63025,129161,253664,128484,58354,66826
2011-10-01,2011,10,1219753,441669,441669,86740,86740,251219,141710,36975,24307,48227,95047,49998,19400,25649,1285599,552122,552122,110113,110113,391126,208251,64332,37968,80575,146213,75327,29499,41387,2505352,993791,993791,196853,196853,642345,349961,101307,62275,128802,241260,125325,48899,67036
2011-11-01,2011,11,1221054,442794,442794,86675,86675,252029,142158,36758,24329,48784,373424,49936,297313,26175,1291615,554001,554001,111099,111099,393463,209725,64131,38125,81482,170790,75207,53762,41821,2512669,996795,996795,197774,197774,645492,351883,100889,62454,130266,544214,125143,351075,67996
2011-12-01,2011,12,1226270,443025,443025,88230,88230,253358,142621,37610,24373,48754,96067,50005,19921,26141,1291153,553429,553429,110458,110458,394524,210616,64779,38223,80906,146953,74999,30077,41877,2517423,996454,996454,198688,198688,647882,353237,102389,62596,129660,243020,125004,49998,68018
2012-01-01,2012,1,1226769,442428,442428,88617,88617,252852,142179,37835,24257,48581,96013,50035,19972,26006,1294618,554412,554412,111326,111326,395859,211249,65016,38143,81451,146975,75193,30163,41619,2521387,996840,996840,199943,199943,648711,353428,102851,62400,130032,242988,125228,50135,67625
2012-02-01,2012,2,1226796,443891,443891,90096,90096,252093,141935,37496,24112,48550,95915,49907,20046,25962,1309993,559976,559976,113586,113586,400215,214041,65330,38847,81997,147918,75589,30405,41924,2536789,1003867,1003867,203682,203682,652308,355976,102826,62959,130547,243833,125496,50451,67886
2012-03-01,2012,3,1245125,448210,448210,90628,90628,256880,144714,38167,24540,49459,97641,51037,20061,26543,1329099,568498,568498,115594,115594,404888,215429,66678,39172,83609,151137,77511,30748,42878,2574224,1016708,1016708,206222,206222,661768,360143,104845,63712,133068,248778,128548,50809,69421
2012-04-01,2012,4,1252603,448401,448401,91449,91449,259969,147187,38599,24689,49494,97894,51098,20375,26421,1336228,569921,569921,117023,117023,407981,218032,66862,39246,83841,151841,77839,31082,42920,2588831,1018322,1018322,208472,208472,667950,365219,105461,63935,133335,249735,128937,51457,69341
2012-05-01,2012,5,1256915,451938,451938,91579,91579,259572,146992,38151,24943,49486,98698,51267,20539,26892,1347404,574590,574590,118051,118051,410819,219552,66926,39870,84471,153618,78476,31510,43632,2604319,1026528,1026528,209630,209630,670391,366544,105077,64813,133957,252316,129743,52049,70524
2012-06-01,2012,6,1265012,453534,453534,91673,91673,262584,148236,39382,25045,49921,98993,51466,20667,26860,1361503,578650,578650,119695,119695,417192,222334,68647,40181,86030,154596,78683,31860,44053,2626515,1032184,1032184,211368,211368,679776,370570,108029,65226,135951,253589,130149,52527,70913
2012-07-01,2012,7,1221903,441847,441847,87998,87998,252521,143235,37334,24426,47526,96144,49789,20186,26169,1310868,560173,560173,114652,114652,400870,214596,65577,39240,81457,150041,76029,31100,42912,2532771,1002020,1002020,202650,202650,653391,357831,102911,63666,128983,246185,125818,51286,69081
2012-08-01,2012,8,1258081,450557,450557,90685,90685,262184,148578,39625,25159,48822,98377,51101,20400,26876,1377628,583614,583614,121369,121369,422375,226125,69883,40871,85496,155641,79097,32233,44311,2635709,1034171,1034171,212054,212054,684559,374703,109508,66030,134318,254018,130198,52633,71187
2012-09-01,2012,9,1271421,454948,454948,90765,90765,263198,149415,39725,25107,48951,98696,51334,20514,26848,1394882,591126,591126,122641,122641,427629,228976,70554,41455,86644,158034,80708,32524,44802,2666303,1046074,1046074,213406,213406,690827,378391,110279,66562,135595,256730,132042,53038,71650
2012-10-01,2012,10,1267743,452759,452759,90008,90008,263031,149078,39266,25497,49190,98571,51239,20409,26923,1391616,589155,589155,122513,122513,426913,228323,70476,41708,86406,157407,80105,32469,44833,2659359,1041914,1041914,212521,212521,689944,377401,109742,67205,135596,255978,131344,52878,71756
2012-11-01,2012,11,1278081,453758,453758,90249,90249,265934,150573,39811,25748,49802,99120,51502,20542,27076,1397210,590192,590192,123142,123142,430585,230871,71002,41997,86715,157389,80243,32546,44600,2675291,1043950,1043950,213391,213391,696519,381444,110813,67745,136517,256509,131745,53088,71676
2012-12-01,2012,12,1283471,454242,454242,91367,91367,266969,150609,40370,26017,49973,99339,51303,20796,27240,1404940,591333,591333,123407,123407,435209,233817,71811,42376,87205,158231,80584,32860,44787,2688411,1045575,1045575,214774,214774,702178,384426,112181,68393,137178,257570,131887,53656,72027
2013-01-01,2013,1,1286037,456085,456085,92751,92751,267170,150996,40100,26122,49952,99628,51352,20878,27398,1404644,591629,591629,124474,124474,434814,233144,71750,42614,87306,158097,80369,32891,44837,2690681,1047714,1047714,217225,217225,701984,384140,111850,68736,137258,257725,131721,53769,72235
2013-02-01,2013,2,1291590,455977,455977,93578,93578,269305,151777,41039,26233,50256,100095,51525,21150,27420,1416825,594076,594076,125618,125618,440465,236971,73021,43062,87411,158821,80672,33121,45028,2708415,1050053,1050053,219196,219196,709770,388748,114060,69295,137667,258916,132197,54271,72448
2013-03-01,2013,3,1305287,457632,457632,94374,94374,274005,154880,41682,26619,50824,101165,52060,21427,27678,1429911,598586,598586,127722,127722,444373,238287,73962,43408,88716,160651,81846,33372,45433,2735198,1056218,1056218,222096,222096,718378,393167,115644,70027,139540,261816,133906,54799,73111
2013-04-01,2013,4,1311892,459052,459052,94395,94395,276777,156579,42156,27048,50994,101942,52511,21350,28081,1436183,600030,600030,127888,127888,447948,240723,74401,44012,88812,161600,82414,33500,45686,2748075,1059082,1059082,222283,222283,724725,397302,116557,71060,139806,263542,134925,54850,73767
2013-05-01,2013,5,1326079,465800,465800,95196,95196,280155,158900,42532,27329,51394,102747,52751,21728,28268,1454228,607532,607532,129443,129443,453441,243883,75213,44637,89708,163521,83185,34155,46181,2780307,1073332,1073332,224639,224639,733596,402783,117745,71966,141102,266268,135936,55883,74449
2013-06-01,2013,6,1335554,466750,466750,94870,94870,282427,159996,42924,27587,51920,102743,52887,21530,28326,1472226,613545,613545,131505,131505,460237,247537,76421,45114,91165,164622,84108,34101,46413,2807780,1080295,1080295,226375,226375,742664,407533,119345,72701,143085,267365,136995,55631,74739
2013-07-01,2013,7,1339106,468815,468815,95040,95040,283120,159833,43326,27753,52208,103730,53531,21505,28694,1473237,612596,612596,131756,131756,460237,247444,76558,45131,91104,165632,84894,34118,46620,2812343,1081411,1081411,226796,226796,743357,407277,119884,72884,143312,269362,138425,55623,75314
2013-08-01,2013,8,1349030,471443,471443,95229,95229,287527,162317,43973,28194,53043,104526,53920,21776,28830,1493013,619841,619841,133460,133460,468363,251846,77777,45976,92764,167222,85778,34341,47103,2842043,1091284,1091284,228689,228689,755890,414163,121750,74170,145807,271748,139698,56117,75933
2013-09-01,2013,9,1352354,472875,472875,95788,95788,288774,163001,44388,28340,53045,104649,53944,21921,28784,1499440,622560,622560,133539,133539,470832,253258,78555,46293,92726,168121,85989,34655,47477,2851794,1095435,1095435,229327,229327,759606,416259,122943,74633,145771,272770,139933,56576,76261
2013-10-01,2013,10,1349279,472970,472970,94901,94901,289599,163222,44333,28544,53500,105137,54171,22027,28939,1501663,622563,622563,133686,133686,472289,254160,78472,46521,93136,168412,86336,34742,47334,2850942,1095533,1095533,228587,228587,761888,417382,122805,75065,146636,273549,140507,56769,76273
2013-11-01,2013,11,1366360,478562,478562,95828,95828,293003,165132,45118,28964,53789,106289,54571,22312,29406,1520052,630248,630248,135300,135300,478996,257874,80095,47141,93886,170478,87060,35316,48102,2886412,1108810,1108810,231128,231128,771999,423006,125213,76105,147675,276767,141631,57628,77508
2013-12-01,2013,12,1374494,480737,480737,97056,97056,294338,165927,45456,29049,53906,106917,55116,22438,29363,1526482,632625,632625,136578,136578,480732,258984,80069,47420,94259,171545,87834,35493,48218,2900976,1113362,1113362,233634,233634,775070,424911,125525,76469,148165,278462,142950,57931,77581
2014-01-01,2014,1,1377911,481486,481486,98293,98293,294367,165657,45693,29124,53893,107442,55123,22734,29585,1524429,631895,631895,136729,136729,480127,259182,80347,47303,93295,171280,87388,35658,48234,2902340,1113381,1113381,235022,235022,774494,424839,126040,76427,147188,278722,142511,58392,77819
2014-02-01,2014,2,1376298,480088,480088,98469,98469,295586,166261,46091,29139,54095,107909,55281,22906,29722,1532049,632893,632893,137638,137638,483594,261382,80863,47406,93943,171934,87784,35637,48513,2908347,1112981,1112981,236107,236107,779180,427643,126954,76545,148038,279843,143065,58543,78235
2014-03-01,2014,3,1387689,482793,482793,99607,99607,299479,169395,45770,29681,54633,109082,56047,22983,30052,1546910,640448,640448,139554,139554,486488,263007,80758,47958,94765,173370,88911,35853,48606,2934599,1123241,1123241,239161,239161,785967,432402,126528,77639,149398,282452,144958,58836,78658
2014-04-01,2014,4,1408893,490039,490039,100805,100805,305995,172847,47562,30174,55412,111169,56770,23388,31011,1559961,645125,645125,141010,141010,492898,265997,82617,48622,95662,175332,89542,36383,49407,2968854,1135164,1135164,241815,241815,798893,438844,130179,78796,151074,286501,146312,59771,80418
2014-05-01,2014,5,1423585,493828,493828,101393,101393,310340,175283,48266,30611,56180,112596,57399,23647,31550,1581952,652809,652809,142746,142746,500985,270271,84046,49451,97217,177893,90833,36872,50188,3005537,1146637,1146637,244139,244139,811325,445554,132312,80062,153397,290489,148232,60519,81738
2014-06-01,2014,6,1434366,497793,497793,101511,101511,313728,177339,48507,30900,56982,113576,57921,23832,31823,1596051,658279,658279,144378,144378,505090,272694,84255,49932,98209,179831,91791,37190,50850,3030417,1156072,1156072,245889,245889,818818,450033,132762,80832,155191,293407,149712,61022,82673
2014-07-01,2014,7,1435833,498770,498770,101609,101609,315444,178309,48852,31134,57149,114229,58158,23962,32109,1601563,658826,658826,145349,145349,507767,274528,84827,50165,98247,180552,92204,37358,50990,3037396,1157596,1157596,246958,246958,823211,452837,133679,81299,155396,294781,150362,61320,83099
2014-08-01,2014,8,1449086,503594,503594,101849,101849,319439,180389,49517,31569,57964,115277,58632,24120,32525,1620325,665504,665504,147506,147506,513010,276938,85914,50779,99379,183189,93326,38275,51588,3069411,1169098,1169098,249355,249355,832449,457327,135431,82348,157343,298466,151958,62395,84113
2014-09-01,2014,9,1452677,504917,504917,102169,102169,320944,181313,49787,31747,58097,115579,58705,24270,32604,1627095,668190,668190,147549,147549,516316,278461,86377,51375,100103,184250,93754,38402,52094,3079772,1173107,1173107,249718,249718,837260,459774,136164,83122,158200,299829,152459,62672,84698
2014-10-01,2014,10,1462438,509689,509689,103140,103140,323969,182246,50621,32333,58769,116924,59142,24644,33138,1639462,672403,672403,149188,149188,520168,280249,86935,51922,101062,186432,94687,38809,52936,3101900,1182092,1182092,252328,252328,844137,462495,137556,84255,159831,303356,153829,63453,86074
2014-11-01,2014,11,1481830,513292,513292,104122,104122,328476,184429,51782,32618,59647,118984,60175,24927,33882,1646632,674633,674633,149765,149765,523212,281699,87986,52114,101413,187411,95042,39086,53283,3128462,1187925,1187925,253887,253887,851688,466128,139768,84732,161060,306395,155217,64013,87165
2014-12-01,2014,12,1490278,515680,515680,105284,105284,330182,185187,52291,32840,59864,120059,60599,25105,34355,1651321,678715,678715,150368,150368,523659,281928,88125,52105,101501,188146,95197,39352,53597,3141599,1194395,1194395,255652,255652,853841,467115,140416,84945,161365,308205,155796,64457,87952
2015-01-01,2015,1,1495602,518392,518392,106855,106855,330563,185040,52648,32948,59927,120817,61044,25115,34658,1659767,678774,678774,151011,151011,529157,283908,89575,52794,102880,190764,96349,39651,54764,3155369,1197166,1197166,257866,257866,859720,468948,142223,85742,162807,311581,157393,64766,89422
2015-02-01,2015,2,1488867,515780,515780,107219,107219,330194,185211,52052,33169,59762,120676,61214,24935,34527,1668488,680123,680123,152619,152619,531351,285251,89856,53327,102917,192654,97127,40024,55503,3157355,1195903,1195903,259838,259838,861545,470462,141908,86496,162679,313330,158341,64959,90030
2015-03-01,2015,3,1501745,516370,516370,106912,106912,333127,186495,53037,33216,60379,121085,61414,25104,34567,1693905,692228,692228,154641,154641,538626,287582,91933,54046,105065,196220,98697,41097,56426,3195650,1208598,1208598,261553,261553,871753,474077,144970,87262,165444,317305,160111,66201,90993
2015-04-01,2015,4,1532659,525918,525918,109534,109534,342923,192513,54598,34078,61734,123839,62846,25711,35282,1707228,697762,697762,156358,156358,544077,290740,92848,54676,105813,198042,99673,41417,56952,3239887,1223680,1223680,265892,265892,887000,483253,147446,88754,167547,321881,162519,67128,92234
2015-05-01,2015,5,1546837,530202,530202,110435,110435,346646,194446,55085,34496,62619,124393,63022,25830,35541,1723153,703308,703308,158087,158087,550218,293426,94252,55402,107138,199300,100412,41449,57439,3269990,1233510,1233510,268522,268522,896864,487872,149337,89898,169757,323693,163434,67279,92980
2015-06-01,2015,6,1555911,532245,532245,110429,110429,348879,195767,55457,34718,62937,125362,63539,26123,35700,1729070,705793,705793,159060,159060,551866,294364,94560,55370,107572,200069,100683,41722,57664,3284981,1238038,1238038,269489,269489,900745,490131,150017,90088,170509,325431,164222,67845,93364
2015-07-01,2015,7,1558424,532712,532712,110503,110503,349022,196009,55400,34701,62912,126303,64065,26238,36000,1729750,704057,704057,159134,159134,554173,296137,94928,55859,107249,200694,100871,41753,58070,3288174,1236769,1236769,269637,269637,903195,492146,150328,90560,170161,326997,164936,67991,94070
2015-08-01,2015,8,1562783,537129,537129,111699,111699,349784,196862,54718,34707,63497,126452,64041,26073,36338,1741298,709025,709025,161394,161394,557172,297225,95814,55970,108163,201702,101104,42062,58536,3304081,1246154,1246154,273093,273093,906956,494087,150532,90677,171660,328154,165145,68135,94874
2015-09-01,2015,9,1554147,534051,534051,110466,110466,346225,194127,54897,34205,62996,125855,63641,26119,36095,1743775,709681,709681,161542,161542,558037,297589,95594,56140,108714,202375,101114,42247,59014,3297922,1243732,1243732,272008,272008,904262,491716,150491,90345,171710,328230,164755,68366,95109
2015-10-01,2015,10,1578705,541033,541033,110826,110826,352034,197201,55878,34890,64065,128649,65032,26730,36887,1757025,716003,716003,162352,162352,562713,300278,96405,56392,109638,203906,102114,42416,59376,3335730,1257036,1257036,273178,273178,914747,497479,152283,91282,173703,332555,167146,69146,96263
2015-11-01,2015,11,1592092,546408,546408,111417,111417,355331,198239,56749,35160,65183,129993,65793,26883,37317,1760607,717730,717730,162904,162904,563597,300388,96737,56311,110161,204932,102348,42738,59846,3352699,1264138,1264138,274321,274321,918928,498627,153486,91471,175344,334925,168141,69621,97163
2015-12-01,2015,12,1590486,549368,549368,111576,111576,354978,197417,57006,35092,65463,130570,66478,26743,37349,1749352,712065,712065,161014,161014,562055,299772,96330,56137,109816,204192,101918,42574,59700,3339838,1261433,1261433,272590,272590,917033,497189,153336,91229,175279,334762,168396,69317,97049
2016-01-01,2016,1,1599437,552893,552893,113415,113415,355566,197540,57027,35279,65720,130961,66407,27038,37516,1764431,718470,718470,163908,163908,565782,300739,97346,56768,110929,206278,102887,42740,60651,3363868,1271363,1271363,277323,277323,921348,498279,154373,92047,176649,337239,169294,69778,98167
2016-02-01,2016,2,1595386,551516,551516,113522,113522,354669,196893,57257,35233,65286,130370,65687,27115,37568,1780045,723161,723161,165463,165463,570682,304313,97799,57321,111249,208379,103941,43333,61105,3375431,1274677,1274677,278985,278985,925351,501206,155056,92554,176535,338749,169628,70448,98673
2016-03-01,2016,3,1652491,584364,584364,115925,115925,364158,201952,58783,36373,67050,136597,67966,28786,39845,1807390,740955,740955,167501,167501,575533,305784,99069,58004,112676,211915,105142,44435,62338,3459881,1325319,1325319,283426,283426,939691,507736,157852,94377,179726,348512,173108,73221,102183
2016-04-01,2016,4,1657142,584401,584401,115959,115959,366484,203491,59051,36424,67518,135308,67392,28664,39252,1816638,745250,745250,167858,167858,580143,308409,99687,58276,113771,212119,104699,44719,62701,3473780,1329651,1329651,283817,283817,946627,511900,158738,94700,181289,347427,172091,73383,101953
2016-05-01,2016,5,1669320,589076,589076,116709,116709,370384,205910,59585,36836,68053,136706,68315,28952,39439,1833165,753484,753484,169863,169863,584853,311023,100340,58883,114607,214653,105836,45586,63231,3502485,1342560,1342560,286572,286572,955237,516933,159925,95719,182660,351359,174151,74538,102670
2016-06-01,2016,6,1665658,588865,588865,116042,116042,369153,203895,59892,36812,68554,137058,68592,28940,39526,1835056,753654,753654,170138,170138,585906,310438,100963,59070,115435,214959,105714,45692,63553,3500714,1342519,1342519,286180,286180,955059,514333,160855,95882,183989,352017,174306,74632,103079
2016-07-01,2016,7,1679321,592517,592517,117489,117489,372322,207178,59713,36915,68516,137640,69251,28774,39615,1859573,762455,762455,172923,172923,594747,316259,102205,59571,116712,218106,107712,46009,64385,3538894,1354972,1354972,290412,290412,967069,523437,161918,96486,185228,355746,176963,74783,104000
2016-08-01,2016,8,1674386,593451,593451,117315,117315,369942,205322,59565,36932,68123,137510,69406,28275,39829,1864357,766743,766743,173335,173335,593296,314818,101897,59787,116794,218941,107935,46264,64742,3538743,1360194,1360194,290650,290650,963238,520140,161462,96719,184917,356451,177341,74539,104571
2016-09-01,2016,9,1682937,597241,597241,118600,118600,373417,207690,59621,37054,69052,138365,69747,28694,39924,1882499,773853,773853,175181,175181,599940,319029,102422,60384,118105,221576,108918,46846,65812,3565436,1371094,1371094,293781,293781,973357,526719,162043,97438,187157,359941,178665,75540,105736
2016-10-01,2016,10,1694688,601911,601911,119315,119315,374968,207895,59975,37612,69486,140078,70658,29007,40413,1888321,775740,775740,175845,175845,601981,320119,102807,60589,118466,222349,109217,46899,66233,3583009,1377651,1377651,295160,295160,976949,528014,162782,98201,187952,362427,179875,75906,106646
2016-11-01,2016,11,1692165,602057,602057,119724,119724,376323,208470,60425,37817,69611,139764,70682,28823,40259,1882483,774313,774313,174695,174695,601317,319418,102708,60357,118834,221175,108507,46790,65878,3574648,1376370,1376370,294419,294419,977640,527888,163133,98174,188445,360939,179189,75613,106137
2016-12-01,2016,12,1704098,608265,608265,121342,121342,377865,208745,60779,38119,70222,141429,72024,28961,40444,1887190,776420,776420,175444,175444,602940,320607,102871,60798,118664,222208,109377,46820,66011,3591288,1384685,1384685,296786,296786,980805,529352,163650,98917,188886,363637,181401,75781,106455
2017-01-01,2017,1,1715960,612294,612294,124114,124114,378527,208244,61273,38346,70664,142410,72240,29250,40920,1881980,773531,773531,175535,175535,601547,318982,103114,60662,118789,222599,109254,47100,66245,3597940,1385825,1385825,299649,299649,980074,527226,164387,99008,189453,365009,181494,76350,107165
2017-02-01,2017,2,1716821,612631,612631,124887,124887,379654,208829,61370,38587,70868,142454,72268,29227,40959,1907954,781683,781683,177993,177993,608378,323310,103869,61307,119892,224360,110339,47417,66604,3624775,1394314,1394314,302880,302880,988032,532139,165239,99894,190760,366814,182607,76644,107563
2017-03-01,2017,3,1731027,615823,615823,125848,125848,384178,211510,62275,39249,71144,144097,73358,29503,41236,1920683,785327,785327,179471,179471,611252,323877,105098,62026,120251,225695,110989,47646,67060,3651710,1401150,1401150,305319,305319,995430,535387,167373,101275,191395,369792,184347,77149,108296
2017-04-01,2017,4,1788977,646152,646152,127440,127440,390910,214569,63404,40450,72487,149886,74364,31911,43611,1940152,793539,793539,180911,180911,617170,327155,106003,62757,121255,228164,112012,48154,67998,3729129,1439691,1439691,308351,308351,1008080,541724,169407,103207,193742,378050,186376,80065,111609
2017-05-01,2017,5,1811612,656957,656957,128502,128502,393999,215385,64140,41048,73426,153462,76245,32520,44697,1964591,804629,804629,182878,182878,624160,330641,106829,63813,122877,232095,113420,49236,69439,3776203,1461586,1461586,311380,311380,1018159,546026,170969,104861,196303,385557,189665,81756,114136
2017-06-01,2017,6,1812549,656570,656570,128359,128359,393185,215052,64170,40747,73216,153049,75907,32561,44581,1980349,813733,813733,183757,183757,627436,332087,107626,64422,123301,235894,114701,50450,70743,3792898,1470303,1470303,312116,312116,1020621,547139,171796,105169,196517,388943,190608,83011,115324
2017-07-01,2017,7,1825985,660102,660102,128979,128979,396494,216687,64577,41092,74138,154038,76706,32527,44805,2001617,823620,823620,185300,185300,633024,334122,108760,65120,125022,239573,116154,51651,71768,3827602,1483722,1483722,314279,314279,1029518,550809,173337,106212,199160,393611,192860,84178,116573
2017-08-01,2017,8,1814337,655061,655061,129594,129594,394248,216545,63584,40775,73344,152846,76425,32109,44312,2013249,829137,829137,185871,185871,634959,335267,108597,65497,125598,241957,117300,52070,72587,3827586,1484198,1484198,315465,315465,1029207,551812,172181,106272,198942,394803,193725,84179,116899
2017-09-01,2017,9,1822531,659424,659424,128752,128752,395515,216451,64057,41012,73995,152612,75846,32222,44544,2014149,829464,829464,187624,187624,635122,335145,108321,65878,125778,241614,116804,51841,72969,3836680,1488888,1488888,316376,316376,1030637,551596,172378,106890,199773,394226,192650,84063,117513
2017-10-01,2017,10,1827016,659663,659663,131063,131063,396361,216774,64407,41187,73993,153081,75874,32559,44648,2014647,831720,831720,186112,186112,634750,334581,108468,66077,125624,242303,116616,52331,73356,3841663,1491383,1491383,317175,317175,1031111,551355,172875,107264,199617,395384,192490,84890,118004
2017-11-01,2017,11,1838822,663981,663981,134416,134416,396947,216591,64883,41319,74154,155231,77545,32670,45016,2028911,838197,838197,187610,187610,640014,336736,109756,66757,126765,245190,117999,53021,74170,3867733,1502178,1502178,322026,322026,1036961,553327,174639,108076,200919,400421,195544,85691,119186
2017-12-01,2017,12,1863692,670451,670451,138372,138372,399713,217600,65344,41596,75173,156379,77892,33139,45348,2038900,842576,842576,188725,188725,643082,338914,110032,66999,127137,246284,118408,53277,74599,3902592,1513027,1513027,327097,327097,1042795,556514,175376,108595,202310,402663,196300,86416,119947
2018-01-01,2018,1,1857920,670594,670594,135180,135180,398968,217468,65247,41579,74674,156427,77817,33250,45360,2043148,845376,845376,189781,189781,642872,337665,110042,67136,128029,247723,118914,53796,75013,3901068,1515970,1515970,324961,324961,1041840,555133,175289,108715,202703,404150,196731,87046,120373
2018-02-01,2018,2,1854925,669049,669049,134995,134995,399851,217926,65872,41747,74306,156266,77879,33385,45002,2054303,848765,848765,189699,189699,647461,341102,111054,67609,127696,249559,119472,54512,75575,3909228,1517814,1517814,324694,324694,1047312,559028,176926,109356,202002,405825,197351,87897,120577
2018-03-01,2018,3,1877249,675263,675263,136528,136528,405094,220503,66586,42356,75649,157827,78755,33581,45491,2040710,844430,844430,189072,189072,644409,337717,110835,67854,128003,249287,119427,54298,75562,3917959,1519693,1519693,325600,325600,1049503,558220,177421,110210,203652,407114,198182,87879,121053
2018-04-01,2018,4,1894026,680439,680439,137879,137879,409448,223038,67159,42790,76461,159003,79348,33828,45827,2092672,865373,865373,194308,194308,658536,345279,113135,69379,130743,254469,122030,55392,77047,3986698,1545812,1545812,332187,332187,1067984,568317,180294,112169,207204,413472,201378,89220,122874
2018-05-01,2018,5,1896726,681514,681514,138150,138150,410777,223941,67213,42967,76656,159286,79625,33987,45674,2099845,867839,867839,195161,195161,661093,346885,113218,69923,131067,255106,122195,55714,77197,3996571,1549353,1549353,333311,333311,1071870,570826,180431,112890,207723,414392,201820,89701,122871
2018-06-01,2018,6,1912414,687187,687187,138300,138300,414349,225554,68155,43470,77170,160637,80203,34259,46175,2119709,876043,876043,197064,197064,666714,348746,114856,70826,132286,257800,123719,56302,77779,4032123,1563230,1563230,335364,335364,1081063,574300,183011,114296,209456,418437,203922,90561,123954
2018-07-01,2018,7,1919819,690112,690112,138747,138747,416678,227041,68483,43775,77379,161473,80639,34198,46636,2134339,881488,881488,197995,197995,671240,351768,115338,71274,132860,259927,124698,56781,78448,4054158,1571600,1571600,336742,336742,1087918,578809,183821,115049,210239,421400,205337,90979,125084
2018-08-01,2018,8,1924675,693138,693138,138726,138726,417904,227619,68711,43863,77711,161608,80493,34233,46882,2110225,874061,874061,195093,195093,664919,347305,114429,70962,132223,258469,123821,56428,78220,4034900,1567199,1567199,333819,333819,1082823,574924,183140,114825,209934,420077,204314,90661,125102
2018-09-01,2018,9,1933597,696736,696736,137906,137906,419557,228423,69030,43834,78270,162290,80839,34369,47082,2150289,889614,889614,199741,199741,674462,352158,116257,71863,134184,262505,125788,57257,79460,4083886,1586350,1586350,337647,337647,1094019,580581,185287,115697,212454,424795,206627,91626,126542
2018-10-01,2018,10,1935394,697688,697688,137730,137730,421809,230077,69000,44089,78643,162431,80507,34543,47381,2160234,893900,893900,199021,199021,678982,354555,116700,72571,135156,264536,126275,58034,80227,4095628,1591588,1591588,336751,336751,1100791,584632,185700,116660,213799,426967,206782,92577,127608
2018-11-01,2018,11,1957492,706304,706304,138519,138519,427445,233008,70273,44844,79320,164034,81094,34910,48030,2179063,901128,901128,199893,199893,684506,357530,117725,73363,135888,266211,126652,58522,81037,4136555,1607432,1607432,338412,338412,1111951,590538,187998,118207,215208,430245,207746,93432,129067
2018-12-01,2018,12,1969847,711342,711342,139474,139474,430045,234079,70963,45128,79875,165787,82009,35283,48495,2184140,902117,902117,200030,200030,686422,358632,117849,73800,136141,267034,127042,58507,81485,4153987,1613459,1613459,339504,339504,1116467,592711,188812,118928,216016,432821,209051,93790,129980
2019-01-01,2019,1,1971943,714748,714748,141786,141786,427496,232428,70658,45137,79273,165796,81957,35411,48428,2183823,902214,902214,200623,200623,685116,357530,117619,73885,136082,267348,127124,58761,81463,4155766,1616962,1616962,342409,342409,1112612,589958,188277,119022,215355,433144,209081,94172,129891
2019-02-01,2019,2,1977661,715679,715679,142700,142700,429662,234370,70390,45124,79778,165556,81917,35374,48265,2196485,906340,906340,202439,202439,689816,361246,117910,74011,136649,268320,127432,59098,81790,4174146,1622019,1622019,345139,345139,1119478,595616,188300,119135,216427,433876,209349,94472,130055
2019-03-01,2019,3,1993660,720591,720591,143582,143582,436753,238418,71909,45694,80732,167060,82630,35477,48953,2212858,912361,912361,203475,203475,695276,363833,119156,74629,137658,270836,128703,59401,82732,4206518,1632952,1632952,347057,347057,1132029,602251,191065,120323,218390,437896,211333,94878,131685
2019-04-01,2019,4,2004309,724155,724155,145505,145505,442516,240603,73472,46444,81997,170789,83495,36403,50891,2218872,913586,913586,204679,204679,698527,365022,120319,74877,138309,271917,128843,59766,83308,4223181,1637741,1637741,350184,350184,1141043,605625,193791,121321,220306,442706,212338,96169,134199
2019-05-01,2019,5,2005816,517188,517188,199948,199948,684646,301588,138994,90875,153189,380167,140446,88171,151550,2211535,712751,712751,228186,228186,777659,389314,142240,84108,161997,317889,143553,70163,104173,4217351,1229939,1229939,428134,428134,1462305,690902,281234,174983,315186,698056,283999,158334,255723
2019-06-01,2019,6,2014677,520776,520776,200231,200231,685346,302552,138948,91027,152819,380727,140699,88205,151823,2219130,709891,709891,228052,228052,775200,387905,141650,84068,161577,317267,142487,70152,104628,4233807,1230667,1230667,428283,428283,1460546,690457,280598,175095,314396,697994,283186,158357,256451
2019-07-01,2019,7,2017912,523276,523276,199771,199771,684015,301753,139078,91051,152133,379714,140284,87900,151530,2228967,708436,708436,227597,227597,773371,386710,141784,84138,160739,317654,142727,69656,105271,4246879,1231712,1231712,427368,427368,1457386,688463,280862,175189,312872,697368,283011,157556,256801
2019-08-01,2019,8,2023261,526855,526855,198081,198081,685149,302897,139122,90766,152364,379696,139903,88218,151575,2240406,707028,707028,226932,226932,772109,385952,141705,83817,160635,317482,141413,69871,106198,4263667,1233883,1233883,425013,425013,1457258,688849,280827,174583,312999,697178,281316,158089,257773
2019-09-01,2019,9,2031616,530995,530995,198166,198166,686556,304053,139067,90794,152642,379357,140181,87983,151193,2247534,704920,704920,226050,226050,769613,384562,141214,83719,160118,317634,141597,69613,106424,4279150,1235915,1235915,424216,424216,1456169,688615,280281,174513,312760,696991,281778,157596,257617
2019-10-01,2019,10,2037310,534619,534619,197652,197652,686275,304194,139247,90637,152197,379554,140359,88015,151180,2248927,702302,702302,224136,224136,766750,383478,141060,83388,158824,316860,140482,69391,106987,4286237,1236921,1236921,421788,421788,1453025,687672,280307,174025,311021,696414,280841,157406,258167
2019-11-01,2019,11,2045932,540969,540969,196637,196637,686054,303726,139322,90742,152264,380450,140605,88310,151535,2254366,699848,699848,222524,222524,762255,380749,140848,82844,157814,316338,139792,69253,107293,4300298,1240817,1240817,419161,419161,1448309,684475,280170,173586,310078,696788,280397,157563,258828
2019-12-01,2019,12,1988233,539068,539068,193454,193454,652086,290257,130788,85359,145682,371194,136352,86409,148433,2240428,693554,693554,219446,219446,751019,376252,138879,80997,154891,312823,137341,68617,106865,4228661,1232622,1232622,412900,412900,1403105,666509,269667,166356,300573,684017,273693,155026,255298
2020-01-01,2020,1,2026522,543270,543270,196769,196769,668033,296022,135809,87954,148248,375751,138589,87843,149319,2239870,691123,691123,219483,219483,742033,370834,136842,80858,153499,314145,137761,68887,107497,4266392,1234393,1234393,416252,416252,1410066,666856,272651,168812,301747,689896,276350,156730,256816
2020-02-01,2020,2,2024980,543750,543750,197259,197259,666377,295285,135324,87467,148301,374765,138360,87475,148930,2244029,688492,688492,218818,218818,739691,369880,135917,80564,153330,313174,137042,68541,107591,4269009,1232242,1232242,416077,416077,1406068,665165,271241,168031,301631,687939,275402,156016,256521
2020-03-01,2020,3,2034994,545957,545957,198110,198110,668414,297134,135033,88084,148163,376867,139389,87958,149520,2255760,689888,689888,219006,219006,736754,368301,134823,80309,153321,314813,137487,68785,108541,4290754,1235845,1235845,417116,417116,1405168,665435,269856,168393,301484,691680,276876,156743,258061
2020-04-01,2020,4,1883962,505207,505207,185288,185288,617618,275411,123722,81431,137054,350955,129401,82687,138867,2119976,645690,645690,208632,208632,690763,345688,125990,74842,144243,298156,129112,65945,103099,4003938,1150897,1150897,393920,393920,1308381,621099,249712,156273,281297,649111,258513,148632,241966
2020-05-01,2020,5,1456151,403266,403266,131799,131799,446288,180039,97341,62358,106550,293548,107487,70860,115201,2577204,765682,765682,254269,254269,870778,439599,156707,94608,179864,360476,151458,79048,129970,4033355,1168948,1168948,386068,386068,1317066,619638,254048,156966,286414,654024,258945,149908,245171
2020-06-01,2020,6,1488437,406139,406139,125963,125963,473183,196845,100666,66658,109014,296930,109428,70836,116666,2666028,791015,791015,267794,267794,890861,446249,162407,96538,185667,370924,156195,81633,133096,4154465,1197154,1197154,393757,393757,1364044,643094,263073,163196,294681,667854,265623,152469,249762
2020-07-01,2020,7,1693498,456546,456546,143870,143870,558709,240694,114609,76570,126836,326636,121926,76406,128304,2495054,746119,746119,253126,253126,813589,407663,149649,87578,168699,345070,146284,76453,122333,4188552,1202665,1202665,396996,396996,1372298,648357,264258,164148,295535,671706,268210,152859,250637
2020-08-01,2020,8,1756207,475502,475502,149749,149749,582671,253952,118306,78906,131507,335351,125618,78145,131588,2395201,718532,718532,230666,230666,781548,393180,142366,84544,161458,331546,141925,73108,116513,4151408,1194034,1194034,380415,380415,1364219,647132,260672,163450,292965,666897,267543,151253,248101
2020-09-01,2020,9,1745176,480381,480381,145984,145984,575133,253581,114025,76830,130697,332770,124089,77878,130803,2402646,723179,723179,230669,230669,774229,390523,139384,82827,161495,332444,142626,73153,116665,4147822,1203560,1203560,376653,376653,1349362,644104,253409,159657,292192,665214,266715,151031,247468
2020-10-01,2020,10,1791514,488963,488963,150211,150211,598322,263013,121411,79783,134115,336916,126705,78334,131877,2392213,717217,717217,220655,220655,775076,389288,141388,84297,160103,328362,140597,72347,115418,4183727,1206180,1206180,370866,370866,1373398,652301,262799,164080,294218,665278,267302,150681,247295
2020-11-01,2020,11,1787700,496945,496945,149428,149428,590472,261806,118881,78220,131565,334744,125891,77725,131128,2347006,740964,740964,211454,211454,742255,375896,134056,79181,153122,316498,136721,70132,109645,4134706,1237909,1237909,360882,360882,1332727,637702,252937,157401,284687,651242,262612,147857,240773
2020-12-01,2020,12,1835672,513868,513868,153539,153539,607652,270836,121678,79912,135226,337489,127277,78521,131691,2379231,745550,745550,214226,214226,753337,380318,136637,80810,155572,317950,137974,70547,109429,4214903,1259418,1259418,367765,367765,1360989,651154,258315,160722,290798,655439,265251,149068,241120
2021-01-01,2021,1,1826674,518976,518976,157798,157798,594307,265984,119402,77185,131736,330622,125818,76715,128089,2291134,702678,702678,205116,205116,725598,362815,133110,78862,150811,312840,135057,69620,108163,4117808,1221654,1221654,362914,362914,1319905,628799,252512,156047,282547,643462,260875,146335,236252
2021-02-01,2021,2,1844114,527488,527488,157543,157543,599999,268990,119591,77879,133539,330371,125925,76838,127608,2101767,636833,636833,180398,180398,664889,332467,121757,71827,138838,281424,123869,60989,96566,3945881,1164321,1164321,337941,337941,1264888,601457,241348,149706,272377,611795,249794,137827,224174
2021-03-01,2021,3,1885997,546011,546011,159662,159662,612749,277642,121268,79240,134599,333882,127557,77531,128794,2131398,644162,644162,181672,181672,668532,335417,121992,72487,138636,283881,124412,61546,97923,4017395,1190173,1190173,341334,341334,1281281,613059,243260,151727,273235,617763,251969,139077,226717
2021-04-01,2021,4,1883204,556856,556856,160703,160703,602370,276303,115728,77216,133123,331648,125891,77385,128372,2135170,647143,647143,181767,181767,665093,335250,121270,71096,137477,281619,121948,61504,98167,4018374,1203999,1203999,342470,342470,1267463,611553,236998,148312,270600,613267,247839,138889,226539
2021-05-01,2021,5,1919585,569977,569977,165850,165850,613404,279848,119917,78217,135422,333736,127460,77585,128691,2166429,657274,657274,186091,186091,669559,338152,120670,71328,139409,283717,123562,61387,98768,4086014,1227251,1227251,351941,351941,1282963,618000,240587,149545,274831,617453,251022,138972,227459
2021-06-01,2021,6,1949615,585624,585624,168083,168083,619518,283586,120888,79022,136022,336281,129418,78050,128813,2141047,650929,650929,184028,184028,656665,332693,117925,69856,136191,277709,121293,59742,96674,4090662,1236553,1236553,352111,352111,1276183,616279,238813,148878,272213,613990,250711,137792,225487
2021-07-01,2021,7,1964809,590144,590144,171746,171746,622989,285610,121833,79301,136245,336781,129647,78430,128704,2183226,660592,660592,188116,188116,665236,337741,119874,70817,136804,281636,122549,60735,98352,4148035,1250736,1250736,359862,359862,1288225,623351,241707,150118,273049,618417,252196,139165,227056
2021-08-01,2021,8,1985796,600616,600616,175287,175287,626089,287629,121868,79522,137070,338192,130280,78773,129139,2213062,667435,667435,191590,191590,671410,340851,120616,71478,138465,282804,122626,60917,99261,4198858,1268051,1268051,366877,366877,1297499,628480,242484,151000,275535,620996,252906,139690,228400
2021-09-01,2021,9,1901492,580034,580034,171147,171147,594624,275029,115071,75009,129515,321176,123465,74768,122943,2312829,694909,694909,197660,197660,705077,354098,127688,76081,147210,298752,128619,64828,105305,4214321,1274943,1274943,368807,368807,1299701,629127,242759,151090,276725,619928,252084,139596,228248
2021-10-01,2021,10,2018081,619648,619648,178941,178941,629880,290379,122163,79211,138127,339307,130704,79181,129422,2225175,668658,668658,191663,191663,667778,339223,120001,70728,137826,281947,121889,60582,99476,4243256,1288306,1288306,370604,370604,1297658,629602,242164,149939,275953,621254,252593,139763,228898
2021-11-01,2021,11,2047574,632522,632522,181690,181690,635489,292896,123147,80523,138923,342421,132528,79510,130383,2243211,672370,672370,192172,192172,669331,339652,120239,71678,137762,283359,122663,60991,99705,4290785,1304892,1304892,373862,373862,1304820,632548,243386,152201,276685,625780,255191,140501,230088
2021-12-01,2021,12,2050366,638418,638418,184398,184398,628845,290812,120267,79505,138261,341832,132465,79037,130330,2234993,670384,670384,191463,191463,660915,335921,117447,70909,136638,280644,121111,60157,99376,4285359,1308802,1308802,375861,375861,1289760,626733,237714,150414,274899,622476,253576,139194,229706
2022-01-01,2022,1,2081437,648110,648110,188104,188104,637596,293300,123659,80872,139765,345548,134060,80314,131174,2247069,671508,671508,191555,191555,663325,336318,119151,70926,136930,281309,121465,60390,99454,4328506,1319618,1319618,379659,379659,1300921,629618,242810,151798,276695,626857,255525,140704,230628
2022-02-01,2022,2,2074361,646452,646452,188437,188437,635345,292580,123091,80403,139271,342106,133120,79481,129505,2241616,668056,668056,190518,190518,659203,334390,118563,70147,136103,278192,120258,59476,98458,4315977,1314508,1314508,378955,378955,1294548,626970,241654,150550,275374,620298,253378,138957,227963
2022-03-01,2022,3,2115680,664080,664080,191126,191126,644228,297807,124891,80795,140735,348793,135751,81126,131916,2282575,681152,681152,192960,192960,663950,337457,119297,70348,136848,282895,121947,60771,100177,4398255,1345232,1345232,384086,384086,1308178,635264,244188,151143,277583,631688,257698,141897,232093
2022-04-01,2022,4,2125813,669904,669904,191685,191685,646970,299419,124773,81774,141004,347477,135322,80623,131532,2283058,681030,681030,191600,191600,663105,336609,118929,70846,136721,282662,121715,60744,100203,4408871,1350934,1350934,383285,383285,1310075,636028,243702,152620,277725,630139,257037,141367,231735
2022-05-01,2022,5,2132337,674538,674538,191962,191962,647189,299847,125118,81290,140934,347096,135008,81024,131064,2294681,681923,681923,191367,191367,662858,336701,119090,70676,136391,281469,121115,60757,99597,4427018,1356461,1356461,383329,383329,1310047,636548,244208,151966,277325,628565,256123,141781,230661
2022-06-01,2022,6,2152356,685592,685592,192657,192657,649815,300806,125457,81587,141965,348664,136104,81327,131233,2311188,687390,687390,192080,192080,662592,336394,118911,70953,136334,282012,121360,60959,99693,4463544,1372982,1372982,384737,384737,1312407,637200,244368,152540,278299,630676,257464,142286,230926
2022-07-01,2022,7,2166915,693662,693662,193870,193870,651900,301634,125904,81822,142540,349557,136243,81414,131900,2318175,690247,690247,191594,191594,660328,335080,118717,70442,136089,281026,121044,60699,99283,4485090,1383909,1383909,385464,385464,1312228,636714,244621,152264,278629,630583,257287,142113,231183
2022-08-01,2022,8,2180443,701138,701138,195068,195068,653490,302776,125924,82251,142539,350678,136706,81727,132245,2339740,695222,695222,192471,192471,663451,336676,119122,70930,136723,282411,121241,61638,99532,4520183,1396360,1396360,387539,387539,1316941,639452,245046,153181,279262,633089,257947,143365,231777
2022-09-01,2022,9,2186655,707453,707453,194583,194583,653202,302706,126420,81908,142168,350244,136513,81644,132087,2343126,696508,696508,191779,191779,660465,334750,119262,70763,135690,280751,120667,61119,98965,4529781,1403961,1403961,386362,386362,1313667,637456,245682,152671,277858,630995,257180,142763,231052
2022-10-01,2022,10,2194684,714347,714347,193691,193691,654388,304080,125944,81802,142562,349961,136649,81218,132094,2351434,699199,699199,190998,190998,658974,333467,118760,70999,135748,280258,120469,60975,98814,4546118,1413546,1413546,384689,384689,1313362,637547,244704,152801,278310,630219,257118,142193,230908
2022-11-01,2022,11,2205793,721775,721775,194464,194464,653841,304415,126219,81596,141611,350994,137111,81699,132184,2352645,699960,699960,189680,189680,655277,331959,118561,70341,134416,279030,119662,60937,98431,4558438,1421735,1421735,384144,384144,1309118,636374,244780,151937,276027,630024,256773,142636,230615
2022-12-01,2022,12,2219339,727776,727776,195430,195430,656452,305288,126914,81808,142442,351872,137487,82000,132385,2349571,698028,698028,188523,188523,651259,329783,117952,69641,133883,277411,119010,60685,97716,4568910,1425804,1425804,383953,383953,1307711,635071,244866,151449,276325,629283,256497,142685,230101
2023-01-01,2023,1,2197697,723273,723273,193602,193602,646697,300591,124966,80933,140207,347881,135409,81307,131165,2363827,703684,703684,188382,188382,651715,329641,118231,70011,133832,279138,119345,61079,98714,4561524,1426957,1426957,381984,381984,1298412,630232,243197,150944,274039,627019,254754,142386,229879
2023-02-01,2023,2,2211844,730159,730159,195244,195244,649989,302315,125596,81327,140751,348333,135962,81135,131236,2350401,697835,697835,187096,187096,645316,326663,116900,69248,132505,275420,118087,60165,97168,4562245,1427994,1427994,382340,382340,1295305,628978,242496,150575,273256,623753,254049,141300,228404
2023-03-01,2023,3,2240549,742140,742140,196957,196957,657837,306747,127163,81866,142061,351246,137402,81695,132149,2374802,704825,704825,187785,187785,647739,327611,117508,69460,133160,276509,118266,60637,97606,4615351,1446965,1446965,384742,384742,1305576,634358,244671,151326,275221,627755,255668,142332,229755
2023-04-01,2023,4,2218391,740101,740101,195773,195773,643367,302849,120291,80340,139887,347757,134946,81568,131243,2331493,695531,695531,185260,185260,627072,320326,109091,67439,130216,271072,114703,59998,96371,4549884,1435632,1435632,381033,381033,1270439,623175,229382,147779,270103,618829,249649,141566,227614
2023-05-01,2023,5,2232606,747279,747279,196357,196357,646594,304841,121847,79930,139976,349013,136236,81735,131042,2365381,701905,701905,185235,185235,637235,324158,113461,68530,131086,274253,116451,60521,97281,4597987,1449184,1449184,381592,381592,1283829,628999,235308,148460,271062,623266,252687,142256,228323
2023-06-01,2023,6,2242166,754572,754572,195961,195961,648278,306459,121541,80295,139983,348977,136167,81751,131059,2359216,700847,700847,184774,184774,629729,321468,110833,67486,129942,272428,115310,60066,97052,4601382,1455419,1455419,380735,380735,1278007,627927,232374,147781,269925,621405,251477,141817,228111
2023-07-01,2023,7,2213092,748963,748963,192840,192840,634921,301714,118036,78994,136177,345608,135610,80441,129557,2360274,700401,700401,184868,184868,627676,320377,110535,67436,129328,271606,114815,60066,96725,4573366,1449364,1449364,377708,377708,1262597,622091,228571,146430,265505,617214,250425,140507,226282
2023-08-01,2023,8,2213792,753046,753046,193029,193029,631562,299891,117222,78289,136160,344659,135202,80236,129221,2338598,698750,698750,182712,182712,613891,313864,107527,66217,126283,268483,113724,59464,95295,4552390,1451796,1451796,375741,375741,1245453,613755,224749,144506,262443,613142,248926,139700,224516
2023-09-01,2023,9,2225126,759778,759778,192966,192966,633705,300977,117765,78297,136666,345389,135163,80277,129949,2343244,698169,698169,181622,181622,612758,313195,107604,65855,126104,267728,113315,58955,95458,4568370,1457947,1457947,374588,374588,1246463,614172,225369,144152,262770,613117,248478,139232,225407
2023-10-01,2023,10,2230413,765780,765780,191658,191658,633663,301802,117034,78159,136668,345841,135490,80409,129942,2349634,699384,699384,180660,180660,609697,311825,106733,65601,125538,268306,113806,59125,95375,4580047,1465164,1465164,372318,372318,1243360,613627,223767,143760,262206,614147,249296,139534,225317
2023-11-01,2023,11,2236680,771357,771357,191858,191858,632087,300610,116738,77970,136769,346464,135771,80569,130124,2342564,697178,697178,179549,179549,604978,308839,106035,65120,124984,265481,112380,58510,94591,4579244,1468535,1468535,371407,371407,1237065,609449,222773,143090,261753,611945,248151,139079,224715
2023-12-01,2023,12,2241509,776347,776347,193017,193017,628363,299347,116040,77015,135961,347369,135991,80874,130504,2335559,694770,694770,178305,178305,598478,306015,104621,64178,123664,264609,111906,58184,94519,4577068,1471117,1471117,371322,371322,1226841,605362,220661,141193,259625,611978,247897,139058,225023
