Total general,Total Región Distrito Nacional,Total 0 - Santo Domingo,Distrito Nacional,Monte Plata,Santo Domingo,Total Región Este,Total V - Este,El Seybo,Hato Mayor del Rey,La Altagracia,La Romana,San Pedro de Macorís,Total Región Norte,Total II - Norcentral,Espaillat,Puerto Plata,Santiago,Total III - Nordeste,Duarte,Hermanas Mirabal,Maria Trinidad Sanchez,Samaná,Total VII - Cibao Occidental,Dajabon,Montecristi,Santiago Rodriguez,Valverde,Total VIII - Cibao Central,La vega,Monseñor Nouel,Sanchez Ramirez,Total Región Sur,Total I - Valdesia,Peravia,San Cristóbal,San José de Ocoa,Total IV - Enriquillo,Bahoruco,Barahona,Independencia,Pedernales,Total VI - El Valle,Azua,Elias Piña,San Juan de la Maguana,No Especificada,Month,Year,Periodo de Cobertura
1208042,539284,539284,465980,6574,66730,92472,92472,3752,4772,23157,33610,27181,245531,153132,13148,27269,112715,29302,16535,4409,5270,3088,19607,3789,4552,3188,8078,43490,23459,12908,7123,94379,54153,7858,2487,43808,18170,4116,9622,2943,1489,22056,8241,2588,11227,236376,9,2007,2007-09-01
1384810,587603,587603,499132,11801,76670,103732,103732,5053,7034,24945,35477,31223,308771,176819,17202,33008,126609,44672,23106,7820,8553,5193,28449,5588,6726,4974,11161,58831,30705,16479,11647,129032,66037,9744,4284,52009,28950,7034,15080,4753,2083,34045,12742,4085,17218,255672,10,2007,2007-10-01
1421975,599612,599612,507251,11842,80519,105679,105679,5096,7171,25119,35771,32522,320150,184693,17669,34016,133008,45428,23605,8075,8581,5167,29201,5643,6947,5065,11546,60828,31653,17036,12139,133267,68957,10176,4405,54376,29563,7218,15427,4845,2073,34747,12924,4181,17642,263267,11,2007,2007-11-01
1477181,620697,620697,524595,12589,83513,109869,109869,5341,7690,24967,37490,34381,331903,188414,18630,34533,135251,47828,25120,8283,9005,5420,30317,5900,7278,5209,11930,65344,35007,17634,12703,138550,71184,10525,4615,56044,30787,7628,15987,5050,2122,36579,13818,4368,18393,276162,12,2007,2007-12-01
1485499,623725,623725,526446,12762,84517,113761,113761,5708,7877,26538,38468,35170,335516,191242,18855,35450,136937,48342,25548,8339,8958,5497,30131,5908,7191,5167,11865,65801,35195,17814,12792,139618,72244,10720,4599,56925,30767,7491,16055,5049,2172,36607,13737,4384,18486,272879,1,2008,2008-01-01
1497613,630263,630263,532109,12516,85638,115547,115547,5584,7877,27063,38893,36130,338183,192258,19136,36219,136903,49272,26034,8489,9137,5612,30507,6002,7283,5112,12110,66146,34883,18165,13098,140627,72863,10680,4645,57538,30998,7429,16386,5003,2180,36766,13798,4409,18559,272993,2,2008,2008-02-01
1529018,640116,640116,540129,13022,86965,116799,116799,5768,8082,27279,39026,36644,346047,197037,19423,36528,141086,49661,26345,8608,8998,5710,31078,6095,7441,5260,12282,68271,36493,18543,13235,144006,75265,10855,4707,59703,31408,7489,16587,5165,2167,37333,13995,4460,18878,282050,3,2008,2008-03-01
1564920,647091,647091,545466,13179,88446,119440,119440,5982,8149,27399,40372,37538,352066,201219,20146,37127,143946,50448,26708,8800,9220,5720,31366,6082,7512,5295,12477,69033,36866,18704,13463,144657,75230,10883,4797,59550,31633,7570,16706,5174,2183,37794,14131,4494,19169,301666,4,2008,2008-04-01
1585022,656888,656888,553446,13191,90251,122542,122542,6180,8223,27877,41089,39173,361746,206848,20685,37873,148290,51862,27392,9136,9528,5806,32316,6240,7750,5464,12862,70720,37293,19414,14013,148468,77204,11152,4877,61175,32288,7682,17123,5301,2182,38976,14568,4637,19771,295378,5,2008,2008-05-01
1627155,671644,671644,564192,13998,93454,123585,123585,6310,8529,27947,41037,39762,372089,211629,21650,38437,151542,53335,28182,9420,9895,5838,33549,6433,8137,5673,13306,73576,39455,19633,14488,153921,79497,11629,5120,62748,33900,8137,17896,5516,2351,40524,15160,4799,20565,305916,6,2008,2008-06-01
1651943,679400,679400,570278,13815,95307,127302,127302,6493,8510,28541,42451,41307,378567,216157,22494,38958,154705,54604,28755,9645,10268,5936,34227,6529,8184,5786,13728,73579,39458,19248,14873,156102,80678,11956,5198,63524,34299,8208,18094,5574,2423,41125,15456,4841,20828,310572,7,2008,2008-07-01
1660516,675706,675706,565725,13777,96204,124851,124851,6302,8226,28202,41668,40453,383053,220050,22530,39584,157936,55845,29733,9745,10421,5946,34917,6561,8450,5795,14111,72241,38788,18597,14856,157115,81037,11924,5242,63871,34327,8255,18089,5573,2410,41751,15862,4883,21006,319791,8,2008,2008-08-01
1661072,675662,675662,564951,13777,96934,125544,125544,6489,8484,28095,42217,40259,386133,221545,23016,39531,158998,55923,29608,9831,10479,6005,35536,6599,8543,5865,14529,73129,39179,19007,14943,156443,80274,11945,5258,63071,34266,8212,17970,5661,2423,41903,15957,4945,21001,317290,9,2008,2008-09-01
1684348,687173,687173,573658,14351,99164,128783,128783,6756,8848,28168,43154,41857,392787,224651,23589,39703,161359,56624,29968,9952,10654,6050,36196,6766,8601,5900,14929,75316,40683,19402,15231,159849,82453,12332,5356,64765,34644,8278,18219,5691,2456,42752,16266,4998,21488,315756,10,2008,2008-10-01
1688779,685540,685540,571670,14179,99691,125766,125766,6701,8722,27237,42477,40629,393493,225586,23943,39232,162411,57293,30430,10104,10828,5931,36947,7020,8739,5955,15233,73667,38942,19267,15458,161261,83257,12532,5393,65332,34832,8320,18371,5693,2448,43172,16406,5023,21743,322719,11,2008,2008-11-01
1692259,686660,686660,572297,14256,100107,127158,127158,6831,8753,27354,43378,40842,396414,226810,24108,39764,162938,58128,30892,10199,10940,6097,37304,7038,8889,6011,15366,74172,39129,19525,15518,161320,83102,12569,5515,65018,34909,8355,18396,5709,2449,43309,16434,5028,21847,320707,12,2008,2008-12-01
1732143,703573,703573,585811,14976,102786,132678,132678,7015,9161,29278,45364,41860,405722,230538,25097,40065,165376,59541,31709,10376,11320,6136,38218,7183,8997,6126,15912,77425,40930,20483,16012,165419,85250,12985,5657,66608,35674,8580,18816,5817,2461,44495,16857,5083,22555,324751,1,2009,2009-01-01
1753062,709667,709667,590504,14627,104536,137023,137023,7267,9194,30105,46845,43612,411004,233754,25343,41583,166828,60548,32195,10486,11486,6381,38519,7238,9122,6206,15953,78183,41073,20967,16143,167320,86429,13274,5758,67397,36059,8626,19084,5868,2481,44832,16980,5095,22757,328048,2,2009,2009-02-01
1771270,714394,714394,593030,15204,106160,139495,139495,7466,9503,30428,47999,44099,417461,236904,25795,41079,170030,62086,33117,10683,11854,6432,38802,7237,9191,6281,16093,79669,42916,20344,16409,169666,87819,13838,5709,68272,36254,8709,19126,5890,2529,45593,17455,5134,23004,330254,3,2009,2009-03-01
1812016,732020,732020,607986,15469,108565,142394,142394,7590,9711,30623,49659,44811,427722,242337,26570,42865,172902,63841,34041,11035,12190,6575,39622,7368,9415,6417,16422,81922,43972,21063,16887,173232,89618,14152,5897,69569,36662,8845,19541,5893,2383,46952,17914,5320,23718,336648,4,2009,2009-04-01
1810333,731303,731303,606587,15188,109528,144042,144042,7775,9641,30905,50423,45298,431814,244947,26916,43373,174658,64594,34489,11193,12305,6607,40167,7418,9736,6323,16690,82106,43601,21231,17274,172094,88866,14078,5947,68841,36545,8821,19519,5847,2358,46683,17846,5304,23533,331080,5,2009,2009-05-01
1853218,749991,749991,621453,15894,112644,146897,146897,8029,9996,31035,51318,46519,442584,248559,27772,43108,177679,66588,35679,11571,12638,6700,41641,7602,10183,6640,17216,85796,45801,22281,17714,177180,91807,14862,6300,70645,37294,9025,19793,6015,2461,48079,18307,5430,24342,336566,6,2009,2009-06-01
1902560,762572,762572,631329,16093,115150,149095,149095,8090,10016,31637,52493,46859,454210,253885,28659,44411,180815,68329,36630,11869,13037,6793,43271,7758,10740,6866,17907,88725,47112,23621,17992,181812,94544,16433,6445,71666,38042,9142,20115,6147,2638,49226,18791,5559,24876,354871,7,2009,2009-07-01
1990226,811007,811007,670174,16731,124102,156289,156289,8459,10110,32864,54409,50447,474483,263766,30665,44837,188264,72555,39161,12493,13572,7329,45923,8311,11243,7245,19124,92239,48425,24500,19314,192446,100339,17592,6622,76125,39941,9483,21367,6374,2717,52166,20126,5791,26249,356001,8,2009,2009-08-01
2016376,819858,819858,677375,17348,125135,158329,158329,8566,10339,32735,55213,51476,484177,267839,31154,45410,191275,74507,40287,12743,13954,7523,47452,8491,11421,7792,19748,94379,49999,24734,19646,195612,102074,18211,6766,77097,40354,9543,21589,6513,2709,53184,20672,5799,26713,358400,9,2009,2009-09-01
2040405,829234,829234,683391,17773,128070,159086,159086,8667,10447,32541,55929,51502,494308,271876,31883,46006,193987,76049,41016,13178,14307,7548,48572,8676,11628,7853,20415,97811,52089,25345,20377,199010,103421,18341,7021,78059,41301,9777,22137,6633,2754,54288,21085,5923,27280,358767,10,2009,2009-10-01
2066134,841894,841894,692032,18000,131862,160073,160073,8720,10491,32761,56382,51719,501442,276086,32357,46243,197486,76708,40779,13546,14565,7818,49541,8777,11906,7789,21069,99107,52427,26042,20638,203147,105189,19145,7162,78882,42221,9934,22761,6726,2800,55737,21433,6004,28300,359578,11,2009,2009-11-01
2088299,848287,848287,696909,17607,133771,163547,163547,9014,10381,33803,57991,52358,510593,280478,32849,47848,199781,79805,42965,13815,14965,8060,50293,8902,11933,7924,21534,100017,52801,26246,20970,205770,106572,19950,7191,79431,42838,10039,23159,6847,2793,56360,21651,6035,28674,360102,12,2009,2009-12-01
2116721,859585,859585,705153,17698,136734,167452,167452,9095,10583,35257,59010,53507,518949,283876,34042,49508,200326,81251,43739,14102,15383,8027,51540,9015,12035,8235,22255,102282,53872,27074,21336,207891,107127,20231,7237,79659,43329,10138,23512,6855,2824,57435,22054,6176,29205,362844,1,2010,2010-01-01
2133644,865083,865083,709139,17936,138008,168735,168735,8949,10537,35766,59461,54022,522202,284698,34316,49533,200849,82108,43966,14227,15682,8233,51890,9040,11971,8468,22411,103506,54692,27384,21430,210403,108891,20846,7296,80749,43631,10126,23776,6886,2843,57881,22266,6174,29441,367221,2,2010,2010-02-01
2181022,880668,880668,720843,18147,141678,172019,172019,8986,10726,36444,60388,55475,532958,290336,34224,51132,204980,83467,44936,14427,15791,8313,53033,9119,12248,8666,23000,106122,56250,27945,21927,214272,110915,21524,7396,81995,44323,10092,24337,6971,2923,59034,22817,6195,30022,381105,3,2010,2010-03-01
2220654,892793,892793,729503,18720,144570,174783,174783,9220,11085,37108,61203,56167,545322,297802,35186,52067,210549,83765,44601,14568,16163,8433,53867,9287,12395,8820,23365,109888,58753,28872,22263,217061,112561,21482,7522,83557,44837,10163,24737,6998,2939,59663,22848,6312,30503,390695,4,2010,2010-04-01
2222231,893952,893952,731468,18304,144180,176314,176314,9239,10935,37039,61753,57348,546726,301057,35803,52147,213107,84832,45505,14618,16153,8556,53898,9370,12264,8453,23811,106939,56773,28252,21914,217724,113241,22131,7360,83750,45093,10182,24884,7026,3001,59390,22984,6379,30027,387515,5,2010,2010-05-01
2218190,888139,888139,724073,18340,145726,176215,176215,9168,10857,36962,62014,57214,548791,303248,36131,52130,214987,84753,45598,14607,16051,8497,53297,9247,11769,8471,23810,107493,57113,28472,21908,216297,113858,22206,7259,84393,44801,10139,24760,6930,2972,57638,21536,6303,29799,388748,6,2010,2010-06-01
2244244,902026,902026,733869,18447,149710,176818,176818,9250,10896,36653,62393,57626,553368,305831,36506,50575,218750,85292,46316,14817,15841,8318,54132,9428,12204,8551,23949,108113,57548,28859,21706,217677,114196,22584,7159,84453,44905,10167,24789,7006,2943,58576,22044,6391,30141,394355,7,2010,2010-07-01
2264526,907022,907022,737872,18487,150663,178908,178908,9296,10948,37147,63156,58361,562701,311751,37419,52013,222319,85979,46608,14914,16017,8440,55393,9592,12719,8513,24569,109578,58302,29199,22077,219640,115090,23294,7333,84463,45337,10298,24962,7047,3030,59213,22372,6430,30411,396255,8,2010,2010-08-01
2292014,919744,919744,747512,19132,153100,179364,179364,9409,11270,37443,62387,58855,572186,315415,38178,52118,225119,88155,48111,15107,16428,8509,55737,9620,12924,8455,24738,112879,60692,29881,22306,221566,116261,23596,7351,85314,45751,10385,25238,7109,3019,59554,22330,6472,30752,399154,9,2010,2010-09-01
2307559,925255,925255,751874,19111,154270,181121,181121,9315,11314,37889,63480,59123,577449,318573,39170,52631,226772,88819,48400,15067,16673,8679,56602,9794,12738,8743,25327,113455,60861,30129,22465,222398,117387,23813,7151,86423,45317,10238,24883,7137,3059,59694,22112,6484,31098,401336,10,2010,2010-10-01
2335714,941859,941859,762986,19466,159407,181556,181556,9509,11503,38351,64026,58167,588997,324013,39332,53780,230901,90634,49306,15455,17037,8836,57570,9935,13001,8937,25697,116780,62542,30888,23350,227679,120297,24422,7257,88618,46472,10389,25829,7165,3089,60910,22730,6611,31569,395623,11,2010,2010-11-01
2364083,949196,949196,767634,19634,161928,184981,184981,9460,11575,39496,64866,59584,596667,328020,40457,54260,233303,92089,50182,15628,17327,8952,58461,9939,13221,9048,26253,118097,63093,31566,23438,230848,121856,25230,7426,89200,47213,10520,26275,7280,3138,61779,23055,6664,32060,402391,12,2010,2010-12-01
2366133,947809,947809,766259,19001,162549,186132,186132,9510,11406,40358,65037,59821,595110,326439,40373,54223,231843,92702,50704,15864,17105,9029,58590,9971,13412,9121,26086,117379,62158,31766,23455,231259,121901,25593,7357,88951,47419,10522,26462,7310,3125,61939,22987,6653,32299,405823,1,2011,2011-01-01
2382134,950156,950156,767694,19043,163419,187857,187857,9754,11530,40822,65721,60030,598963,327270,40525,54463,232282,93831,51222,16009,17534,9066,58888,10012,13429,9269,26178,118974,63103,32320,23551,232285,122457,26029,7420,89008,47534,10578,26566,7299,3091,62294,23158,6626,32510,412873,2,2011,2011-02-01
2409261,956780,956780,771696,19124,165960,190544,190544,9826,11642,41635,66741,60700,606942,332105,41219,55109,235777,95145,52129,16119,17591,9306,59447,10127,13233,9384,26703,120245,63906,32398,23941,235131,123632,26275,7432,89925,48064,10634,26879,7402,3149,63435,23820,6692,32923,419864,3,2011,2011-03-01
2442786,966369,966369,778834,19467,168068,193360,193360,9983,11982,42405,67271,61719,618034,337397,41267,55849,240281,97224,53256,16366,18136,9466,60524,10340,13590,9556,27038,122889,65577,33015,24297,238669,125535,26977,7492,91066,48578,10729,27174,7519,3156,64556,24263,6826,33467,426354,4,2011,2011-04-01
2411906,960985,960985,774126,19326,167533,190705,190705,9668,11038,42416,66795,60788,609643,334146,39823,55218,239105,94885,51042,16361,17910,9572,58796,9848,13214,9431,26303,121816,64555,32924,24337,231818,120971,23353,7483,90135,48008,10611,27096,7094,3207,62839,22863,6791,33185,418755,5,2011,2011-05-01
2446039,970564,970564,779707,19775,171082,192759,192759,9786,11929,42097,67281,61666,625239,342071,42278,56430,243363,98516,53908,16724,18280,9604,60657,10062,13717,9711,27167,123995,65769,33483,24743,238474,125053,25967,7592,91494,48673,10736,27293,7422,3222,64748,24287,6877,33584,419003,6,2011,2011-06-01
2480143,980372,980372,785621,20522,174229,197245,197245,9967,12422,43472,68824,62560,633846,345913,43082,55883,246948,99461,54348,16978,18659,9476,61541,10212,13879,9841,27609,126931,67526,34116,25289,243008,128132,26804,7602,93726,48972,10890,27310,7519,3253,65904,24677,6968,34259,425672,7,2011,2011-07-01
2501328,987044,987044,789740,20611,176693,198374,198374,10441,12483,44070,68622,62758,640942,349016,43618,56497,248901,101140,55297,17099,18764,9980,62405,10373,13999,9969,28064,128381,68450,34368,25563,259997,128525,26842,7762,93921,65654,10845,27453,24100,3256,65818,24387,7004,34427,414971,8,2011,2011-08-01
2503709,985717,985717,786125,20599,178993,199071,199071,10427,12487,44183,69154,62820,646853,352052,43863,57003,251186,102615,56078,17159,19190,10188,63025,10509,14217,10093,28206,129161,68818,34734,25609,253664,128484,27093,7756,93635,58354,10869,27489,16829,3167,66826,25051,7016,34759,418404,9,2011,2011-09-01
2505352,993791,993791,791510,20761,181520,196853,196853,10131,12373,43700,67936,62713,642345,349961,41864,56950,251147,101307,55171,17258,18827,10051,62275,10352,14178,9786,27959,128802,68771,34438,25593,241260,125325,23450,7698,94177,48899,10827,27576,7191,3305,67036,25025,7050,34961,431103,10,2011,2011-10-01
2512669,996795,996795,792345,20861,183589,197774,197774,10178,12487,44276,68530,62303,645492,351883,42491,56708,252684,100889,54743,17366,18686,10094,62454,10327,14171,9782,28174,130266,69656,34845,25765,544214,125143,22988,7733,94422,351075,10909,27868,308998,3300,67996,25306,7164,35526,128394,11,2011,2011-11-01
2517423,996454,996454,790302,20879,185273,198688,198688,10285,12622,44891,68435,62455,647882,353237,42735,57231,253271,102389,55785,17411,18850,10343,62596,10365,14270,9888,28073,129660,68808,34814,26038,243020,125004,23408,7904,93692,49998,10987,28087,7617,3307,68018,25119,7241,35658,431379,12,2011,2011-12-01
2521387,996840,996840,789824,20819,186197,199943,199943,10115,12726,45501,69319,62282,648711,353428,43575,56344,253509,102851,56079,17579,18949,10244,62400,10258,14101,9946,28095,130032,68766,35223,26043,242988,125228,23430,7924,93874,50135,11093,28091,7644,3307,67625,25049,7177,35399,432905,1,2012,2012-01-01
2536789,1003867,1003867,794802,20966,188099,203682,203682,10309,12974,46306,70129,63964,652308,355976,43575,58118,254283,102826,55188,17823,19168,10647,62959,10402,14302,10081,28174,130547,69176,35326,26045,243833,125496,23467,7977,94052,50451,11166,28150,7791,3344,67886,25063,7193,35630,433099,2,2012,2012-02-01
2574224,1016708,1016708,803938,21242,191528,206222,206222,10558,13129,47272,70328,64935,661768,360143,43941,58708,257494,104845,56330,18036,19556,10923,63712,10561,14638,10411,28102,133068,70542,36135,26391,248778,128548,24134,8123,96291,50809,11267,28725,7442,3375,69421,25783,7363,36275,440748,3,2012,2012-03-01
2588831,1018322,1018322,804106,21382,192834,208472,208472,10702,13290,47849,71221,65410,667950,365219,44391,59935,260893,105461,56795,18043,19635,10988,63935,10609,14645,10579,28102,133335,70823,36036,26476,249735,128937,24206,8173,96558,51457,11310,28954,7801,3392,69341,25822,7409,36110,444352,4,2012,2012-04-01
2604319,1026528,1026528,810183,21565,194780,209630,209630,10889,13343,48156,71692,65550,670391,366544,44692,59785,262067,105077,55990,18153,19776,11158,64813,10793,14940,10612,28468,133957,70978,36231,26748,252316,129743,24394,8159,97190,52049,11439,29411,7774,3425,70524,26410,7452,36662,445454,5,2012,2012-05-01
2626515,1032184,1032184,812985,21703,197496,211368,211368,11115,13528,48582,72119,66024,679776,370570,45384,59996,265190,108029,58410,18250,20062,11307,65226,10899,14897,10729,28701,135951,71886,36906,27159,253589,130149,24599,8229,97321,52527,11540,29667,7858,3462,70913,26364,7556,36993,449598,6,2012,2012-06-01
2532771,1002020,1002020,789612,21248,191160,202650,202650,10875,13063,46041,68706,63965,653391,357831,42917,57261,257653,102911,55238,17757,19426,10490,63666,10709,14524,10445,27988,128983,68404,34563,26016,246185,125818,23508,8061,94249,51286,11277,28909,7743,3357,69081,25701,7374,36006,428525,7,2012,2012-07-01
2635709,1034171,1034171,812172,21766,200233,212054,212054,11376,13569,49052,71717,66340,684559,374703,45203,60260,269240,109508,59519,18382,20183,11424,66030,10896,15205,10763,29166,134318,71188,36291,26839,254018,130198,24241,8235,97722,52633,11561,29850,7760,3462,71187,26460,7416,37311,450907,8,2012,2012-08-01
2666303,1046074,1046074,821481,21964,202629,213406,213406,11422,13797,49508,72102,66577,690827,378391,46003,60860,271528,110279,59673,18525,20456,11625,66562,11105,15342,10708,29407,135595,72238,36406,26951,256730,132042,24599,8315,99128,53038,11611,29971,7911,3545,71650,26652,7580,37418,459266,9,2012,2012-09-01
2659359,1041914,1041914,817889,22091,201934,212521,212521,11419,13685,49264,72004,66149,689944,377401,45966,60933,270502,109742,59044,18588,20456,11654,67205,11353,15425,10772,29655,135596,72431,36400,26765,255978,131344,24569,8419,98356,52878,11643,29769,7981,3485,71756,26845,7597,37314,459002,10,2012,2012-10-01
2675291,1043950,1043950,818330,22112,203508,213391,213391,11479,13936,49028,71919,67029,696519,381444,46421,62152,272871,110813,59899,18623,20714,11577,67745,11530,15594,10853,29768,136517,73261,36560,26696,256509,131745,24706,8463,98576,53088,11677,29919,7997,3495,71676,26847,7570,37259,464922,11,2012,2012-11-01
2688411,1045575,1045575,818375,22284,204916,214774,214774,11554,13997,49819,72253,67151,702178,384426,47222,62010,275194,112181,60586,18663,21036,11896,68393,11747,15701,10975,29970,137178,73880,36397,26901,257570,131887,24900,8446,98541,53656,11748,30501,8144,3263,72027,26941,7605,37481,468314,12,2012,2012-12-01
2690681,1047714,1047714,819155,22397,206162,217225,217225,11789,14086,50898,73036,67416,701984,384140,47517,63336,273287,111850,60030,18742,21149,11929,68736,11762,15743,10982,30249,137258,73728,36683,26847,257725,131721,24419,8434,98868,53769,11891,30551,8063,3264,72235,27036,7607,37592,466033,1,2013,2013-01-01
2708415,1050053,1050053,821283,22462,206308,219196,219196,11853,14106,51823,73559,67855,709770,388748,47409,64183,277156,114060,61390,19033,21348,12289,69295,11848,15848,11179,30420,137667,73304,37122,27241,258916,132197,24444,8409,99344,54271,11945,30688,8059,3579,72448,27164,7644,37640,470480,2,2013,2013-02-01
2735198,1056218,1056218,823819,22687,209712,222096,222096,11953,14386,52527,74172,69058,718378,393167,47380,65051,280736,115644,62276,19261,21604,12503,70027,12009,15879,11320,30819,139540,74653,37424,27463,261816,133906,25029,8511,100366,54799,12061,30969,8190,3579,73111,27515,7742,37854,476690,3,2013,2013-03-01
2748075,1059082,1059082,825432,22967,210683,222283,222283,12086,14410,52654,74250,68883,724725,397302,47823,65375,284104,116557,62654,19446,21832,12625,71060,12169,16062,11461,31368,139806,74646,37654,27506,263542,134925,25466,8540,100919,54850,12197,31173,8125,3355,73767,27867,7783,38117,478443,4,2013,2013-04-01
2780307,1073332,1073332,836268,23064,214000,224639,224639,12164,14641,53408,75209,69217,733596,402783,48929,66070,287784,117745,63237,19538,22145,12825,71966,12272,16294,11549,31851,141102,75722,37646,27734,266268,135936,25502,8672,101762,55883,12347,31651,8276,3609,74449,28176,7888,38385,482472,5,2013,2013-05-01
2807780,1080295,1080295,841271,23195,215829,226375,226375,12270,14774,53654,75818,69859,742664,407533,50109,66386,291038,119345,64088,19794,22513,12950,72701,12385,16454,11584,32278,143085,77038,37997,28050,267365,136995,25787,8726,102482,55631,12384,31518,8294,3435,74739,28175,7926,38638,491081,6,2013,2013-06-01
2812343,1081411,1081411,841600,23316,216495,226796,226796,12316,14853,53787,76145,69695,743357,407277,50414,64785,292078,119884,64463,19836,22542,13043,72884,12495,16475,11649,32265,143312,77189,38173,27950,269362,138425,26325,8770,103330,55623,12375,31480,8340,3428,75314,28535,7982,38797,491417,7,2013,2013-07-01
2842043,1091284,1091284,848192,23584,219508,228689,228689,12392,15090,54707,76435,70065,755890,414163,51175,66775,296213,121750,65413,20018,22957,13362,74170,12737,16784,11850,32799,145807,78835,38829,28143,271748,139698,26600,8880,104218,56117,12398,31837,8405,3477,75933,28647,8047,39239,494432,8,2013,2013-08-01
2851794,1095435,1095435,850589,23708,221138,229327,229327,12445,15172,54986,76580,70144,759606,416259,51350,66423,298486,122943,65998,20216,23230,13499,74633,12880,16976,11871,32906,145771,78842,38809,28120,272770,139933,26550,8964,104419,56576,12374,32116,8413,3673,76261,28664,8069,39528,494656,9,2013,2013-09-01
2850942,1095533,1095533,849638,23687,222208,228587,228587,12415,15161,54682,76697,69632,761888,417382,51681,66241,299460,122805,66063,20196,23163,13383,75065,12908,16974,12052,33131,146636,79310,39165,28161,273549,140507,26660,9006,104841,56769,12396,32237,8437,3699,76273,28807,8103,39363,491385,10,2013,2013-10-01
2886412,1108810,1108810,858505,23890,226415,231128,231128,12532,15415,55612,77072,70497,771999,423006,52504,67361,303141,125213,67340,20456,23752,13665,76105,13070,17173,12172,33690,147675,79674,39541,28460,276767,141631,26822,9109,105700,57628,12527,32742,8553,3806,77508,29362,8186,39960,497708,11,2013,2013-11-01
2900976,1113362,1113362,861415,24023,227924,233634,233634,12711,15589,56798,77557,70979,775070,424911,52977,68056,303878,125525,67247,20657,23940,13681,76469,13146,17199,12262,33862,148165,79929,39459,28777,278462,142950,27362,9191,106397,57931,12762,32920,8597,3652,77581,28972,8236,40373,500448,12,2013,2013-12-01
2902340,1113381,1113381,860410,24103,228868,235022,235022,12879,15531,57532,77867,71213,774494,424839,52996,67989,303854,126040,67402,20681,23924,14033,76427,13109,17143,12267,33908,147188,79744,38646,28798,278722,142511,27364,9186,105961,58392,12902,33189,8658,3643,77819,29454,8127,40238,500721,1,2014,2014-01-01
2908347,1112981,1112981,858595,24165,230221,236107,236107,13021,15665,58426,78055,70940,779180,427643,53692,69258,304693,126954,68123,20597,24095,14139,76545,13157,17277,12332,33779,148038,80529,38853,28656,279843,143065,27377,9210,106478,58543,13058,33169,8506,3810,78235,29612,8163,40460,500236,2,2014,2014-02-01
2934599,1123241,1123241,865759,24265,233217,239161,239161,13262,15772,59243,78880,72004,785967,432402,53370,70250,308782,126528,66847,20843,24302,14536,77639,13211,17449,12560,34419,149398,81410,39054,28934,282452,144958,27802,9282,107874,58836,13137,33377,8687,3635,78658,29897,8237,40524,503778,3,2014,2014-03-01
2968854,1135164,1135164,874414,24652,236098,241815,241815,13423,16068,59904,79315,73105,798893,438844,54808,71139,312897,130179,69732,21071,24746,14630,78796,13401,17757,12632,35006,151074,82353,39078,29643,286501,146312,28291,9301,108720,59771,13315,33906,8855,3695,80418,30510,8291,41617,506481,4,2014,2014-04-01
3005537,1146637,1146637,882020,24962,239655,244139,244139,13583,16305,60441,80093,73717,811325,445554,55652,72569,317333,132312,71018,21416,25050,14828,80062,13575,18036,12766,35685,153397,83641,39578,30178,290489,148232,28668,9431,110133,60519,13473,34368,8962,3716,81738,31113,8407,42218,512947,5,2014,2014-05-01
3030417,1156072,1156072,888907,25232,241933,245889,245889,13715,16438,61068,80184,74484,818818,450033,56543,72966,320524,132762,71370,21458,25049,14885,80832,13618,18259,12868,36087,155191,84413,40166,30612,293407,149712,29285,9536,110891,61022,13555,34616,9054,3797,82673,31328,8511,42834,516231,6,2014,2014-06-01
3037396,1157596,1157596,888860,25270,243466,246958,246958,13823,16498,61301,80692,74644,823211,452837,57073,73210,322554,133679,71792,21520,25337,15030,81299,13705,18471,12965,36158,155396,84436,40319,30641,294781,150362,29496,9578,111288,61320,13605,34808,9085,3822,83099,31564,8545,42990,514850,7,2014,2014-07-01
3069411,1169098,1169098,896637,25691,246770,249355,249355,14027,16783,62121,81276,75148,832449,457327,57475,73742,326110,135431,73011,21879,25550,14991,82348,13894,18572,13103,36779,157343,85542,41072,30729,298466,151958,29849,9685,112424,62395,13839,35479,9193,3884,84113,31843,8626,43644,520043,8,2014,2014-08-01
3079772,1173107,1173107,898669,25839,248599,249718,249718,14027,16838,62614,81271,74968,837260,459774,57843,73775,328156,136164,73019,22206,25854,15085,83122,14098,18680,13215,37129,158200,85955,41345,30900,299829,152459,30021,9782,112656,62672,13832,35603,9283,3954,84698,31923,8673,44102,519858,9,2014,2014-09-01
3101900,1182092,1182092,904080,26345,251667,252328,252328,14243,16929,62956,82239,75961,844137,462495,58446,74480,329569,137556,73661,22308,26225,15362,84255,14188,18950,13396,37721,159831,87100,41427,31304,303356,153829,30213,9914,113702,63453,13997,36064,9372,4020,86074,32446,8842,44786,519987,10,2014,2014-10-01
3128462,1187925,1187925,907655,26498,253772,253887,253887,14439,17357,63231,82602,76258,851688,466128,59628,75099,331401,139768,74757,22699,26551,15761,84732,14326,19176,13427,37803,161060,87538,41864,31658,306395,155217,30685,10132,114400,64013,14164,36386,9386,4077,87165,32939,9033,45193,528567,11,2014,2014-11-01
3141599,1194395,1194395,912176,26718,255501,255652,255652,14545,17452,64195,82538,76922,853841,467115,59847,75442,331826,140416,74960,22820,26677,15959,84945,14454,19252,13494,37745,161365,87384,42040,31941,308205,155796,30815,10116,114865,64457,14341,36485,9597,4034,87952,33240,9200,45512,529506,12,2014,2014-12-01
3155369,1197166,1197166,911482,26964,258720,257866,257866,14754,17720,65069,83398,76925,859720,468948,60509,76876,331563,142223,75629,23356,27103,16135,85742,14484,19432,13712,38114,162807,88046,42491,32270,311581,157393,31363,10350,115680,64766,14694,36823,9658,3591,89422,33959,9286,46177,529036,1,2015,2015-01-01
3157355,1195903,1195903,909737,27240,258926,259838,259838,14929,17975,65761,83712,77461,861545,470462,61003,77489,331970,141908,74256,23543,27615,16494,86496,14560,19657,13804,38475,162679,87401,43013,32265,313330,158341,31644,10540,116157,64959,14742,36858,9714,3645,90030,34086,9408,46536,526739,2,2015,2015-02-01
3195650,1208598,1208598,918524,27305,262769,261553,261553,15031,18154,66236,84147,77985,871753,474077,60888,78494,334695,144970,76799,23651,27930,16590,87262,14676,19795,13911,38880,165444,89383,43291,32770,317305,160111,32310,10579,117222,66201,15081,37646,9696,3778,90993,34586,9472,46935,536441,3,2015,2015-03-01
3239887,1223680,1223680,928332,27689,267659,265892,265892,15319,18515,67513,85454,79091,887000,483253,62617,79580,341056,147446,78271,24006,28259,16910,88754,14879,20311,14158,39406,167547,90589,43717,33241,321881,162519,32900,10763,118856,67128,15268,38110,9909,3841,92234,35040,9672,47522,541434,4,2015,2015-04-01
3269990,1233510,1233510,934722,27929,270859,268522,268522,15429,18713,68304,85970,80106,896864,487872,63001,79894,344977,149337,79299,24120,28815,17103,89898,14976,20543,14266,40113,169757,91764,44319,33674,323693,163434,33082,10843,119509,67279,15302,38326,9823,3828,92980,35218,9758,48004,547401,5,2015,2015-05-01
3284981,1238038,1238038,936651,28143,273244,269489,269489,15522,18783,68592,86036,80556,900745,490131,63412,80220,346499,150017,79830,24278,28727,17182,90088,15075,20533,14304,40176,170509,92453,44307,33749,325431,164222,33268,10904,120050,67845,15418,38542,10005,3880,93364,35365,9697,48302,551278,6,2015,2015-06-01
3288174,1236769,1236769,935140,28264,273365,269637,269637,15470,18792,68817,86230,80328,903195,492146,63514,80647,347985,150328,79985,24241,28736,17366,90560,15085,20798,14372,40305,170161,92462,44042,33657,326997,164936,33413,11001,120522,67991,15390,38625,10063,3913,94070,35615,9852,48603,551576,7,2015,2015-07-01
3304081,1246154,1246154,940388,28414,277352,273093,273093,15752,19001,69675,86859,81806,906956,494087,63756,81156,349175,150532,80187,24327,28722,17296,90677,15192,20750,14450,40285,171660,93524,44330,33806,328154,165145,33420,11077,120648,68135,15422,38663,9977,4073,94874,35944,9957,48973,549724,8,2015,2015-08-01
3297922,1243732,1243732,938221,28602,276909,272008,272008,15735,18864,69474,86533,81402,904262,491716,63699,80675,347342,150491,80147,24199,28789,17356,90345,15159,20819,14406,39961,171710,93208,44529,33973,328230,164755,32982,11052,120721,68366,15454,38634,10207,4071,95109,35941,10061,49107,549690,9,2015,2015-09-01
3335730,1257036,1257036,947144,28776,281116,273178,273178,15749,19074,69816,86772,81767,914747,497479,64952,81637,350890,152283,81081,24423,29143,17636,91282,15220,21164,14579,40319,173703,94364,45045,34294,332555,167146,33782,11236,122128,69146,15608,39124,10295,4119,96263,36321,10131,49811,558214,10,2015,2015-10-01
3352699,1264138,1264138,951726,29069,283343,274321,274321,15933,19160,70066,86587,82575,918928,498627,65001,81687,351939,153486,81401,24566,29560,17959,91471,15286,21079,14684,40422,175344,95134,45620,34590,334925,168141,34049,11320,122772,69621,15748,39527,10233,4113,97163,36622,10243,50298,560387,11,2015,2015-11-01
3339838,1261433,1261433,950392,28942,282099,272590,272590,15856,19010,70321,86659,80744,917033,497189,65190,81421,350578,153336,81179,24527,29576,18054,91229,15262,21093,14647,40227,175279,95122,45799,34358,334762,168396,34331,11336,122729,69317,15706,39332,10236,4043,97049,36602,10120,50327,554020,12,2015,2015-12-01
3363868,1271363,1271363,956887,29210,285266,277323,277323,15974,19348,71450,87476,83075,921348,498279,65760,82123,350396,154373,81750,24817,29626,18180,92047,15440,21220,14862,40525,176649,95722,46093,34834,337239,169294,34364,11438,123492,69778,15859,39588,10215,4116,98167,36933,10317,50917,556595,1,2016,2016-01-01
3375431,1274677,1274677,959152,29291,286234,278985,278985,16114,19534,71793,88054,83490,925351,501206,66022,82832,352352,155056,82371,24868,29694,18123,92554,15403,21282,14994,40875,176535,96068,45877,34590,338749,169628,34008,11505,124115,70448,16008,40233,10000,4207,98673,37172,10339,51162,557669,2,2016,2016-02-01
3459881,1325319,1325319,995929,30608,298782,283426,283426,16494,19985,72955,88183,85809,939691,507736,66314,84266,357156,157852,83767,25271,30209,18605,94377,15792,21794,15307,41484,179726,97775,46651,35300,348512,173108,34094,11604,127410,73221,16632,41875,10657,4057,102183,38716,10762,52705,562933,3,2016,2016-03-01
3473780,1329651,1329651,998669,30758,300224,283817,283817,16584,20005,73049,88353,85826,946627,511900,67118,84615,360167,158738,84338,25348,30356,18696,94700,15898,21719,15293,41790,181289,98611,46996,35682,347427,172091,33559,11500,127032,73383,16691,41908,10683,4101,101953,38259,10803,52891,566258,4,2016,2016-04-01
3502485,1342560,1342560,1007425,31104,304031,286572,286572,16774,20194,73733,89198,86673,955237,516933,67725,85574,363634,159925,84877,25350,30763,18935,95719,15966,22013,15390,42350,182660,99324,47195,36141,351359,174151,33755,11487,128909,74538,16923,42685,10820,4110,102670,38234,10948,53488,566757,5,2016,2016-05-01
3500714,1342519,1342519,1006295,31117,305107,286180,286180,16833,20247,74019,89201,85880,955059,514333,67922,85751,360660,160855,85524,25681,30873,18777,95882,16097,22023,15426,42336,183989,100009,47698,36282,352017,174306,34322,11572,128412,74632,16921,42642,10849,4220,103079,38281,10994,53804,564939,6,2016,2016-06-01
3538894,1354972,1354972,1013756,31572,309644,290412,290412,16973,20420,75028,89932,88059,967069,523437,69318,86192,367927,161918,86176,25957,30907,18878,96486,16254,22078,15448,42706,185228,100885,47796,36547,355746,176963,35041,11727,130195,74783,16988,42653,10992,4150,104000,38704,11048,54248,570695,7,2016,2016-07-01
3538743,1360194,1360194,1015899,31596,312699,290650,290650,16983,20470,75715,89888,87594,963238,520140,69194,86675,364271,161462,85975,25789,30786,18912,96719,16368,22026,15444,42881,184917,100931,47452,36534,356451,177341,35139,11707,130495,74539,16823,42833,10931,3952,104571,39152,11091,54328,568210,8,2016,2016-08-01
3565436,1371094,1371094,1022012,31977,317105,293781,293781,17119,20542,77152,90657,88311,973357,526719,69910,87443,369366,162043,86216,25896,30923,19008,97438,16525,22245,15577,43091,187157,102150,48201,36806,359941,178665,35270,11824,131571,75540,17103,43198,11053,4186,105736,39573,11159,55004,567263,9,2016,2016-09-01
3583009,1377651,1377651,1025119,32197,320335,295160,295160,17171,20720,77503,90950,88816,976949,528014,70073,87369,370572,162782,86470,25987,31092,19233,98201,16520,22581,15689,43411,187952,102693,48330,36929,362427,179875,35412,11915,132548,75906,17183,43312,11133,4278,106646,40026,11254,55366,570822,10,2016,2016-10-01
3574648,1376370,1376370,1023853,32089,320428,294419,294419,17006,20423,76922,91286,88782,977640,527888,70003,87353,370532,163133,86466,26144,31321,19202,98174,16489,22462,15713,43510,188445,102900,48339,37206,360939,179189,35259,11879,132051,75613,17072,43158,11081,4302,106137,39790,11089,55258,565280,11,2016,2016-11-01
3591288,1384685,1384685,1028655,32216,323814,296786,296786,16933,20527,77809,91967,89550,980805,529352,70465,87605,371282,163650,86762,26132,31502,19254,98917,16669,22536,15742,43970,188886,103411,48306,37169,363637,181401,35853,11938,133610,75781,17157,43344,11008,4272,106455,39510,11155,55790,565375,12,2016,2016-12-01
3597940,1385825,1385825,1028923,32135,324767,299649,299649,17140,20543,79146,93408,89412,980074,527226,70317,87597,369312,164387,87361,26106,31472,19448,99008,16623,22491,15784,44110,189453,103457,48660,37336,365009,181494,35920,11941,133633,76350,17191,43706,11156,4297,107165,40116,11148,55901,567383,1,2017,2017-01-01
3624775,1394314,1394314,1035391,32240,326683,302880,302880,17312,20746,80311,94478,90033,988032,532139,71002,88936,372201,165239,87535,26210,31830,19664,99894,16603,22733,15871,44687,190760,104310,49093,37357,366814,182607,36435,12050,134122,76644,17330,43786,11199,4329,107563,40391,11217,55955,572735,2,2017,2017-02-01
3651710,1401150,1401150,1040695,32301,328154,305319,305319,17346,20923,81332,95267,90451,995430,535387,71088,90104,374195,167373,89012,26634,31977,19750,101275,16757,23101,16262,45155,191395,104908,48987,37500,369792,184347,36666,12069,135612,77149,17326,44243,11260,4320,108296,40528,11227,56541,580019,3,2017,2017-03-01
3729129,1439691,1439691,1066393,33559,339739,308351,308351,17527,21136,82161,96049,91478,1008080,541724,72175,91075,378474,169407,90029,26840,32524,20014,103207,17354,23327,16231,46295,193742,106194,49584,37964,378050,186376,37357,12200,136819,80065,17756,45524,12251,4534,111609,41379,12159,58071,594957,4,2017,2017-04-01
3776203,1461586,1461586,1080858,34414,346314,311380,311380,17704,21294,83097,97131,92154,1018159,546026,72806,91498,381722,170969,90834,26909,32800,20426,104861,17736,23625,16623,46877,196303,107553,49945,38805,385557,189665,38085,12367,139213,81756,18180,46230,12736,4610,114136,42192,12422,59522,599521,5,2017,2017-05-01
3792898,1470303,1470303,1084118,34698,351487,312116,312116,17685,21442,83390,96908,92691,1020621,547139,73090,92093,381956,171796,91382,26918,32961,20535,105169,17956,23679,16405,47129,196517,107964,49889,38664,388943,190608,38294,12428,139886,83011,18373,46796,13116,4726,115324,42521,12664,60139,600915,6,2017,2017-06-01
3827602,1483722,1483722,1092303,35013,356406,314279,314279,17785,21611,84092,97733,93058,1029518,550809,73570,92697,384542,173337,92597,26980,33206,20554,106212,18203,23954,16513,47542,199160,109456,50637,39067,393611,192860,38961,12585,141314,84178,18537,47519,13295,4827,116573,42985,12841,60747,606472,7,2017,2017-07-01
3827586,1484198,1484198,1091748,35002,357448,315465,315465,17736,21553,84580,98328,93268,1029207,551812,73790,92624,385398,172181,91539,26824,33330,20488,106272,18142,24065,16891,47174,198942,109175,50634,39133,394803,193725,39096,12576,142053,84179,18620,47361,13301,4897,116899,43118,12938,60843,603913,8,2017,2017-08-01
3836680,1488888,1488888,1092021,35167,361700,316376,316376,17682,21520,85075,98926,93173,1030637,551596,73690,92126,385780,172378,91694,26881,33242,20561,106890,18259,24151,16639,47841,199773,109663,51046,39064,394226,192650,39043,12556,141051,84063,18212,47473,13452,4926,117513,43127,13059,61327,606553,9,2017,2017-09-01
3841663,1491383,1491383,1092133,35453,363797,317175,317175,17545,21445,84600,100923,92662,1031111,551355,74082,92619,384654,172875,92061,26867,33357,20590,107264,18397,24233,16725,47909,199617,109941,50685,38991,395384,192490,38944,12615,140931,84890,18604,47750,13586,4950,118004,43288,13162,61554,606610,10,2017,2017-10-01
3867733,1502178,1502178,1099579,35873,366726,322026,322026,17754,21764,85212,104102,93194,1036961,553327,74336,92258,386733,174639,93048,27162,33778,20651,108076,18507,24501,16805,48263,200919,110824,50782,39313,400421,195544,39573,12676,143295,85691,18879,48102,13718,4992,119186,43759,13203,62224,606147,11,2017,2017-11-01
3902592,1513027,1513027,1105323,36229,371475,327097,327097,17812,21820,86342,107535,93588,1042795,556514,74819,93184,388511,175376,93356,27178,33962,20880,108595,18632,24537,16882,48544,202310,111307,51608,39395,402663,196300,39686,12765,143849,86416,18974,48490,13871,5081,119947,44182,13262,62503,617010,12,2017,2017-12-01
3901068,1515970,1515970,1105493,36406,374071,324961,324961,17892,21903,87367,103540,94259,1041840,555133,74713,93935,386485,175289,93612,26959,33892,20826,108715,18692,24672,16785,48566,202703,111549,51547,39607,404150,196731,40017,12857,143857,87046,19043,48890,13985,5128,120373,44342,13274,62757,614147,1,2018,2018-01-01
3909228,1517814,1517814,1106398,36546,374870,324694,324694,17880,21930,86829,103432,94623,1047312,559028,75125,95022,388881,176926,94259,27474,34198,20995,109356,18761,24931,16952,48712,202002,111179,51431,39392,405825,197351,40183,12843,144325,87897,19434,49229,14081,5153,120577,44185,13281,63111,613583,2,2018,2018-02-01
3917959,1519693,1519693,1107586,36681,375426,325600,325600,18022,22055,87475,103378,94670,1049503,558220,75252,94999,387969,177421,94522,27507,34377,21015,110210,18828,24871,17054,49457,203652,111843,51901,39908,407114,198182,40335,12845,145002,87879,19365,49271,14037,5206,121053,44498,13328,63227,616049,3,2018,2018-03-01
3986698,1545812,1545812,1124298,37436,384078,332187,332187,18362,22406,89553,105603,96263,1067984,568317,76307,96256,395754,180294,96256,27729,34886,21423,112169,19156,25370,17295,50348,207204,113938,52549,40717,413472,201378,40940,13123,147315,89220,19690,49964,14272,5294,122874,45255,13511,64108,627243,4,2018,2018-04-01
3996571,1549353,1549353,1125933,37644,385776,333311,333311,18351,22416,89980,105923,96641,1071870,570826,76478,96891,397457,180431,96396,27755,34984,21296,112890,19274,25569,17298,50749,207723,114282,52628,40813,414392,201820,41028,13147,147645,89701,19745,50372,14260,5324,122871,45329,13476,64066,627645,5,2018,2018-05-01
4032123,1563230,1563230,1134510,38003,390717,335364,335364,18511,22446,90403,106426,97578,1081063,574300,76661,97550,400089,183011,97976,28115,35327,21593,114296,19552,25852,17519,51373,209456,115287,53086,41083,418437,203922,41704,13254,148964,90561,19940,50884,14377,5360,123954,45624,13673,64657,634029,6,2018,2018-06-01
4054158,1571600,1571600,1140108,38166,393326,336742,336742,18569,22571,90939,106935,97728,1087918,578809,77130,97792,403887,183821,98206,28173,35753,21689,115049,19670,25937,17635,51807,210239,115634,53396,41209,421400,205337,41988,13375,149974,90979,19990,51173,14393,5423,125084,46173,13746,65165,636498,7,2018,2018-07-01
4034900,1567199,1567199,1135418,38331,393450,333819,333819,18466,22461,90076,105771,97045,1082823,574924,76733,96882,401309,183140,97770,28077,35598,21695,114825,19647,25942,17643,51593,209934,115601,53118,41215,420077,204314,41895,13317,149102,90661,19827,51039,14397,5398,125102,46292,13744,65066,630982,8,2018,2018-08-01
4083886,1586350,1586350,1147367,38890,400093,337647,337647,18596,22616,91178,107185,98072,1094019,580581,77388,98164,405029,185287,98915,28292,36144,21936,115697,19755,26118,17745,52079,212454,117040,53789,41625,424795,206627,42252,13377,150998,91626,20103,51620,14511,5392,126542,46894,13906,65742,641075,9,2018,2018-09-01
4095628,1591588,1591588,1149114,39185,403289,336751,336751,18557,22608,91107,106776,97703,1100791,584632,77634,98389,408609,185700,99119,28395,36223,21963,116660,19774,26267,17966,52653,213799,118107,53722,41970,426967,206782,42265,13458,151059,92577,20288,52210,14583,5496,127608,47307,14050,66251,639531,10,2018,2018-10-01
4136555,1607432,1607432,1159630,39618,408184,338412,338412,18625,22654,91433,107182,98518,1111951,590538,77903,99305,413330,187998,100547,28564,36772,22115,118207,20232,26739,18094,53142,215208,118829,54319,42060,430245,207746,42281,13554,151911,93432,20467,52721,14655,5589,129067,47913,14114,67040,648515,11,2018,2018-11-01
4153987,1613459,1613459,1164142,39607,409710,339504,339504,18728,22655,92247,107404,98470,1116467,592711,78180,99620,414911,188812,100566,28551,36990,22705,118928,20235,26910,18209,53574,216016,119508,54439,42069,432821,209051,42819,13532,152700,93790,20733,52872,14651,5534,129980,48439,14131,67410,651736,12,2018,2018-12-01
4155766,1616962,1616962,1166754,39671,410537,342409,342409,18822,22670,93132,109079,98706,1112612,589958,77981,99619,412358,188277,100641,28521,36700,22415,119022,20369,26926,18226,53501,215355,118855,54292,42208,433144,209081,42826,13627,152628,94172,20819,52968,14788,5597,129891,48259,14146,67486,650639,1,2019,2019-01-01
4174146,1622019,1622019,1170049,39870,412100,345139,345139,19020,22731,94412,109740,99236,1119478,595616,78536,100900,416180,188300,100211,28570,36958,22561,119135,20252,26891,18374,53618,216427,119391,54853,42183,433876,209349,43055,13559,152735,94472,20873,53233,14771,5595,130055,48276,14185,67594,653634,2,2019,2019-02-01
4206518,1632952,1632952,1177381,40076,415495,347057,347057,19042,22886,95019,110499,99611,1132029,602251,78814,101664,421773,191065,101828,29031,37474,22732,120323,20458,27259,18400,54206,218390,120850,55055,42485,437896,211333,43290,13687,154356,94878,20999,53363,14865,5651,131685,49147,14345,68193,656584,3,2019,2019-03-01
4223181,1637741,1637741,1180267,40699,416775,350184,350184,19518,23291,95823,111143,100409,1141043,605625,79805,102786,423034,193791,102906,29462,38258,23165,121321,20461,27393,18858,54609,220306,121511,55748,43047,442706,212338,43482,13900,154956,96169,21262,54109,15051,5747,134199,49639,14710,69850,651507,4,2019,2019-04-01
4217351,1229939,1229939,815862,66596,347481,428134,428134,42285,43182,99443,109767,133457,1462305,690902,112720,143572,434610,281234,130184,51277,62731,37042,174983,32468,40759,36322,65434,315186,162989,78856,73341,698056,283999,58691,28986,196322,158334,40439,85658,24252,7985,255723,78986,37705,139032,398917,5,2019,2019-05-01
4233807,1230667,1230667,814499,66544,349624,428283,428283,42330,43366,99509,109961,133117,1460546,690457,112483,143354,434620,280598,130851,51024,62475,36248,175095,32730,40696,36372,65297,314396,162745,78411,73240,697994,283186,58531,29080,195575,158357,40286,85761,24295,8015,256451,79618,37800,139033,416317,6,2019,2019-06-01
4246879,1231712,1231712,814815,66687,350210,427368,427368,42112,43213,99522,109635,132886,1457386,688463,112285,142855,433323,280862,130933,51087,62430,36412,175189,32895,40674,36509,65111,312872,161881,78017,72974,697368,283011,58335,28938,195738,157556,40173,85218,24213,7952,256801,80293,37768,138740,433045,7,2019,2019-07-01
4263667,1233883,1233883,814317,66739,352827,425013,425013,42026,43034,99048,108673,132232,1457258,688849,112301,142470,434078,280827,131153,50851,62213,36610,174583,32692,40454,36342,65095,312999,162289,77983,72727,697178,281316,58031,28902,194383,158089,40183,85732,24172,8002,257773,81174,37723,138876,450335,8,2019,2019-08-01
4279150,1235915,1235915,814687,66693,354535,424216,424216,41682,42844,98545,109151,131994,1456169,688615,112266,142306,434043,280281,130876,50477,62556,36372,174513,32778,40549,36304,64882,312760,161589,78064,73107,696991,281778,57822,28817,195139,157596,40014,85525,24060,7997,257617,81506,37772,138339,465859,9,2019,2019-09-01
4286237,1236921,1236921,814537,66618,355766,421788,421788,41506,42660,97728,108854,131040,1453025,687672,111969,142038,433665,280307,130769,50726,62505,36307,174025,32874,40474,36196,64481,311021,160873,77609,72539,696414,280841,57577,28692,194572,157406,39943,85358,24054,8051,258167,82350,37683,138134,478089,10,2019,2019-10-01
4300298,1240817,1240817,815939,66527,358351,419161,419161,41134,42453,97071,108536,129967,1448309,684475,111572,141654,431249,280170,130785,50603,62169,36613,173586,32801,40450,36094,64241,310078,160680,77268,72130,696788,280397,57418,28719,194260,157563,40038,85423,24088,8014,258828,83393,37583,137852,495223,11,2019,2019-11-01
4228661,1232622,1232622,809989,66034,356599,412900,412900,40789,41641,96205,107014,127251,1403105,666509,108605,137559,420345,269667,125572,49326,59511,35258,166356,31987,38591,34996,60782,300573,155513,74630,70430,684017,273693,54594,28122,190977,155026,39588,84125,23357,7956,255298,81984,37143,136171,496017,12,2019,2019-12-01
4266392,1234393,1234393,809866,66161,358366,416252,416252,41273,41798,97198,107961,128022,1410066,666856,108587,138616,419653,272651,128053,49384,59764,35450,168812,32519,39221,35280,61792,301747,155607,75118,71022,689896,276350,56598,28312,191440,156730,39807,84771,24186,7966,256816,83583,37039,136194,515785,1,2020,2020-01-01
4269009,1232242,1232242,807154,66065,359023,416077,416077,41294,41997,97341,107632,127813,1406068,665165,108680,138478,418007,271241,126594,48506,60210,35931,168031,32267,39211,35069,61484,301631,155599,75412,70620,687939,275402,56065,28174,191163,156016,39689,84473,23872,7982,256521,83775,36811,135935,526683,2,2020,2020-02-01
4290754,1235845,1235845,808445,66172,361228,417116,417116,41164,42022,97424,108109,128397,1405168,665435,108077,138378,418980,269856,126382,48876,59350,35248,168393,32739,39105,34938,61611,301484,155851,75304,70329,691680,276876,56512,28220,192144,156743,39636,84533,24596,7978,258061,85031,36946,136084,540945,3,2020,2020-03-01
4003938,1150897,1150897,750700,61866,338331,393920,393920,39205,39525,91926,102811,120453,1308381,621099,101427,128145,391527,249712,115567,45470,55416,33259,156273,30709,36374,33028,56162,281297,145052,69775,66470,649111,258513,52328,26415,179770,148632,37487,79946,23636,7563,241966,79485,34638,127843,501629,4,2020,2020-04-01
4033355,1168948,1168948,764522,62468,341958,386068,386068,38582,39154,89387,100768,118177,1317066,619638,101085,126948,391605,254048,119484,46257,55291,33016,156966,31106,36477,33025,56358,286414,149397,70415,66602,654024,258945,51887,26712,180346,149908,37924,80567,23808,7609,245171,80247,35204,129720,507249,5,2020,2020-05-01
4154465,1197154,1197154,783018,63959,350177,393757,393757,39396,40026,90097,102189,122049,1364044,643094,105216,131522,406356,263073,123736,47836,57333,34168,163196,31823,37791,34265,59317,294681,153153,72965,68563,667854,265623,52833,27242,185548,152469,38493,82000,24221,7755,249762,81119,35930,132713,531656,6,2020,2020-06-01
4188552,1202665,1202665,786363,63988,352314,396996,396996,39746,40287,90886,103242,122835,1372298,648357,105123,132711,410523,264258,124230,47744,58312,33972,164148,31713,37967,34427,60041,295535,153443,73377,68715,671706,268210,53885,27484,186841,152859,38542,82182,24358,7777,250637,81875,35932,132830,544887,7,2020,2020-07-01
4151408,1194034,1194034,780721,63418,349895,380415,380415,38108,38587,84446,100293,118981,1364219,647132,105008,131541,410583,260672,122605,47127,57625,33315,163450,31435,37500,34207,60308,292965,152526,72654,67785,666897,267543,54121,27075,186347,151253,38063,81452,23940,7798,248101,81160,35761,131180,545843,8,2020,2020-08-01
4147822,1203560,1203560,787509,63378,352673,376653,376653,37462,37975,84240,99906,117070,1349362,644104,104248,129644,410212,253409,119807,46689,55123,31790,159657,30917,37379,33355,58006,292192,153251,71856,67085,665214,266715,52878,27107,186730,151031,37961,81379,23878,7813,247468,80593,35716,131159,553033,9,2020,2020-09-01
4183727,1206180,1206180,789574,63061,353545,370866,370866,36848,37698,80946,98077,117297,1373398,652301,105368,130369,416564,262799,124542,47536,57690,33031,164080,31449,37785,34091,60755,294218,153646,72664,67908,665278,267302,54675,26872,185755,150681,37784,81078,24104,7715,247295,80988,35616,130691,568005,10,2020,2020-10-01
4134706,1237909,1237909,819657,61501,356751,360882,360882,34785,36040,77614,96539,115904,1332727,637702,102638,124271,410793,252937,120008,46185,55082,31662,157401,30117,36583,32622,58079,284687,148437,70191,66059,651242,262612,51721,26212,184679,147857,36849,78920,24534,7554,240773,78735,34738,127300,551946,11,2020,2020-11-01
4214903,1259418,1259418,834921,61670,362827,367765,367765,35127,36137,81802,98117,116582,1360989,651154,103548,127510,420096,258315,123559,46604,56321,31831,160722,30343,36977,33067,60335,290798,151635,72309,66854,655439,265251,53977,26298,184976,149068,36852,79303,25278,7635,241120,79551,34568,127001,571292,12,2020,2020-12-01
4117808,1221654,1221654,806184,61529,353941,362914,362914,34712,35597,80480,96662,115463,1319905,628799,101006,121069,406724,252512,120481,45533,54792,31706,156047,29482,35731,32188,58646,282547,147083,70649,64815,643462,260875,52818,26029,182028,146335,36626,77656,24671,7382,236252,78442,33936,123874,569873,1,2021,2021-01-01
3945881,1164321,1164321,768722,57720,337879,337941,337941,32594,33457,72826,91135,107929,1264888,601457,95491,112812,393154,241348,115865,43299,52510,29674,149706,28183,34255,30737,56531,272377,142243,67950,62184,611795,249794,50828,24716,174250,137827,34400,73335,23130,6962,224174,74679,32061,117434,566936,2,2021,2021-02-01
4017395,1190173,1190173,784757,58374,347042,341334,341334,32775,33606,74529,92117,108307,1281281,613059,97294,115614,400151,243260,116854,43765,52766,29875,151727,28575,34733,31131,57288,273235,142557,68397,62281,617763,251969,51682,24988,175299,139077,34518,73754,23678,7127,226717,76274,32308,118135,586844,3,2021,2021-03-01
4018374,1203999,1203999,795028,58070,350901,342470,342470,32649,33582,75604,92177,108458,1267463,611553,96193,115351,400009,236998,113088,43156,51522,29232,148312,28290,34284,30396,55342,270600,142282,66811,61507,613267,247839,48635,24629,174575,138889,34401,73651,23724,7113,226539,76333,32234,117972,591175,4,2021,2021-04-01
4086014,1227251,1227251,811882,58031,357338,351941,351941,33079,34095,79467,94289,111011,1282963,618000,96858,116745,404397,240587,115203,43473,52309,29602,149545,28341,34493,30734,55977,274831,144862,67730,62239,617453,251022,50346,24752,175924,138972,34592,73357,23888,7135,227459,77391,31985,118083,606406,5,2021,2021-05-01
4090662,1236553,1236553,818958,58038,359557,352111,352111,32520,33872,80910,94163,110646,1276183,616279,96450,117371,402458,238813,114873,43233,51560,29147,148878,28010,34193,30588,56087,272213,143754,67163,61296,613990,250711,50750,24549,175412,137792,34139,72934,23606,7113,225487,76800,31569,117118,611825,6,2021,2021-06-01
4148035,1250736,1250736,828449,58352,363935,359862,359862,33022,34210,85056,96201,111373,1288225,623351,97322,119028,407001,241707,116026,43508,52375,29798,150118,28456,34489,30633,56540,273049,143995,67301,61753,618417,252196,51274,24547,176375,139165,34319,73550,24080,7216,227056,77581,31673,117802,630795,7,2021,2021-07-01
4198858,1268051,1268051,839689,58785,369577,366877,366877,33675,34791,87683,97338,113390,1297499,628480,97672,120477,410331,242484,116337,43693,52647,29807,151000,28704,34700,30851,56745,275535,145674,67634,62227,620996,252906,51222,24671,177013,139690,34301,73759,24366,7264,228400,78611,31807,117982,645435,8,2021,2021-08-01
4214321,1274943,1274943,843758,58796,372389,368807,368807,33649,34786,88571,97907,113894,1299701,629127,97305,121710,410112,242759,116345,43412,52936,30066,151090,28692,34649,30737,57012,276725,146564,68041,62120,619928,252084,50483,24505,177096,139596,34283,73689,24362,7262,228248,78797,31642,117809,650942,9,2021,2021-09-01
4243256,1288306,1288306,852528,58630,377148,370604,370604,33729,34967,89719,98202,113987,1297658,629602,97068,122203,410331,242164,116732,43428,52360,29644,149939,28488,34574,30727,56150,275953,146112,67773,62068,621254,252593,50689,24531,177373,139763,34276,73761,24467,7259,228898,79335,31609,117954,665434,10,2021,2021-10-01
4290785,1304892,1304892,863329,58756,382807,373862,373862,33810,35160,91025,99256,114611,1304820,632548,97300,123343,411905,243386,116574,43139,53181,30492,152201,28862,34814,30902,57623,276685,146550,67817,62318,625780,255191,51670,24524,178997,140501,34405,74276,24514,7306,230088,80308,31635,118145,681431,11,2021,2021-11-01
4285359,1308802,1308802,865811,58659,384332,375861,375861,33891,35210,92197,99613,114950,1289760,626733,96671,122575,407487,237714,115488,42947,50524,28755,150414,28570,34483,30354,57007,274899,145810,67463,61626,622476,253576,50758,24186,178632,139194,34147,73301,24521,7225,229706,80425,31467,117814,688460,12,2021,2021-12-01
4328506,1319618,1319618,873229,58696,387693,379659,379659,34271,35322,94122,100378,115566,1300921,629618,96653,123584,409381,242810,116134,43172,53086,30418,151798,28991,34787,30633,57387,276695,146835,68078,61782,626857,255525,51635,179507,24383,140704,34339,74249,24785,7331,230628,81110,31541,117977,701451,1,2022,2022-01-01
4315977,1314508,1314508,869427,58334,386747,378955,378955,33930,35051,94640,100392,114942,1294548,626970,96327,122852,407791,241654,116293,42806,52421,30134,150550,28657,34380,30393,57120,275374,146045,67931,61398,620298,253378,51102,178214,24062,138957,33847,73467,24506,7137,227963,80539,31133,116291,707668,2,2022,2022-02-01
4398255,1345232,1345232,890235,59287,395710,384086,384086,34536,35428,95861,101505,116756,1308178,635264,97108,124437,413719,244188,117869,43213,52727,30379,151143,28863,34681,30517,57082,277583,147107,68240,62236,631688,257698,52258,180928,24512,141897,34508,74772,25230,7387,232093,82411,31619,118063,729071,3,2022,2022-03-01
4408871,1350934,1350934,894655,58952,397327,383285,383285,34377,35294,95739,101472,116403,1310075,636028,97585,124449,413994,243702,117776,43078,52260,30588,152620,28976,34885,30682,58077,277725,147288,68256,62181,630139,257037,52054,180604,24379,141367,34313,74527,25189,7338,231735,82350,31519,117866,734438,4,2022,2022-04-01
4427018,1356461,1356461,899183,58952,398326,383329,383329,34237,35159,96112,101992,115829,1310047,636548,97379,124538,414631,244208,117706,43074,52698,30730,151966,28739,34781,30440,58006,277325,147180,67977,62168,628565,256123,52006,179718,24399,141781,34499,74513,25340,7429,230661,81978,31311,117372,748616,5,2022,2022-05-01
4463544,1372982,1372982,911198,59111,402673,384737,384737,34338,35492,96467,101421,117019,1312407,637200,97189,124346,415665,244368,118055,42946,52765,30602,152540,28938,34827,30476,58299,278299,147797,68130,62372,630676,257464,52444,180613,24407,142286,34589,74674,25555,7468,230926,82057,31272,117597,762742,6,2022,2022-06-01
4485090,1383909,1383909,918776,59507,405626,385464,385464,34510,35460,97162,101836,116496,1312228,636714,96867,124629,415218,244621,118390,42228,52936,31067,152264,28890,34795,30335,58244,278629,148114,68385,62130,630583,257287,52321,180623,24343,142113,34600,74393,25596,7524,231183,82128,31349,117706,772906,7,2022,2022-07-01
4520183,1396360,1396360,928699,59601,408060,387539,387539,34565,35551,97643,102230,117550,1316941,639452,97080,124952,417420,245046,118287,43034,52761,30964,153181,29070,35067,30512,58532,279262,148379,68407,62476,633089,257947,52204,181406,24337,143365,34797,75159,25855,7554,231777,82608,31335,117834,786254,8,2022,2022-08-01
4529781,1403961,1403961,934517,59679,409765,386362,386362,34469,35377,97744,101836,116936,1313667,637456,96585,124304,416567,245682,118716,42974,52858,31134,152671,29020,35058,30171,58422,277858,147825,68061,61972,630995,257180,52314,180661,24205,142763,34640,74784,25810,7529,231052,82245,31249,117558,794796,9,2022,2022-09-01
4546118,1413546,1413546,942368,59513,411665,384689,384689,34372,35237,96958,101639,116483,1313362,637547,96612,124426,416509,244704,118295,42942,52799,30668,152801,29077,35016,30304,58404,278310,148041,68033,62236,630219,257118,52148,180769,24201,142193,34494,74486,25745,7468,230908,82177,31187,117544,804302,10,2022,2022-10-01
4558438,1421735,1421735,948194,59452,414089,384144,384144,34313,35109,96957,101433,116332,1309118,636374,96382,124141,415851,244780,118399,42712,52802,30867,151937,28987,34880,29972,58098,276027,146454,67698,61875,630024,256773,52179,180346,24248,142636,34430,74784,25887,7535,230615,82050,31107,117458,813417,11,2022,2022-11-01
4568910,1425804,1425804,953328,59421,413055,383953,383953,34254,35244,97047,101329,116079,1307711,635071,95844,124547,414680,244866,118329,42766,52529,31242,151449,28858,34737,29965,57889,276325,146759,67539,62027,629283,256497,51802,180626,24069,142685,34535,74648,25926,7576,230101,81720,31126,117255,822159,12,2022,2022-12-01
4561524,1426957,1426957,954651,59378,412928,381984,381984,34144,35005,96437,101146,115252,1298412,630232,95065,123688,411479,243197,116822,42486,52601,31288,150944,28940,34699,29638,57667,274039,145233,67078,61728,627019,254754,51171,179588,23995,142386,34472,74395,25973,7546,229879,81859,31019,117001,827152,1,2023,2023-01-01
4562245,1427994,1427994,956270,59092,412632,382340,382340,33910,35043,97155,101017,115215,1295305,628978,94817,123566,410595,242496,116807,42343,52546,30800,150575,28772,34594,29666,57543,273256,144903,66947,61406,623753,254049,50826,179182,24041,141300,34180,73815,25858,7447,228404,81423,30820,116161,832853,2,2023,2023-02-01
4615351,1446965,1446965,969012,59539,418414,384742,384742,34138,35250,98009,101712,115633,1305576,634358,95418,124539,414401,244671,117847,42688,52849,31287,151326,28868,34699,29775,57984,275221,146148,67455,61618,627755,255668,51495,180080,24093,142332,34438,74267,26119,7508,229755,82009,30916,116830,850313,3,2023,2023-03-01
4549884,1435632,1435632,962426,59147,414059,381033,381033,33990,34833,96154,101207,114849,1270439,623175,94102,122893,406180,229382,110297,40539,49247,29299,147779,28327,34155,29104,56193,270103,143293,66417,60393,618829,249649,47519,178417,23713,141566,34224,73968,25893,7481,227614,80980,30738,115896,843951,4,2023,2023-04-01
4597987,1449184,1449184,972493,59334,417357,381592,381592,33941,34884,96355,101293,115119,1283829,628999,94220,123657,411122,235308,113403,41573,49892,30440,148460,28581,34168,29160,56551,271062,144263,66121,60678,623266,252687,49367,179512,23808,142256,34282,74258,26169,7547,228323,81722,30799,115802,860116,5,2023,2023-05-01
4601382,1455419,1455419,976372,59246,419801,380735,380735,33889,34704,96762,100918,114462,1278007,627927,93968,123329,410630,232374,112004,40845,49493,30032,147781,28530,34153,29174,55924,269925,143563,66130,60232,621405,251477,48921,178885,23671,141817,34128,74020,26131,7538,228111,81905,30678,115528,865816,6,2023,2023-06-01
4573366,1449364,1449364,973458,58859,417047,377708,377708,33626,34376,96204,99928,113574,1262597,622091,93239,121781,407071,228571,109567,40535,48998,29471,146430,28248,33840,28789,55553,265505,141628,64585,59292,617214,250425,48907,178023,23495,140507,33900,73147,25913,7547,226282,81380,30489,114413,866483,7,2023,2023-07-01
4552390,1451796,1451796,973697,58953,419146,375741,375741,33265,34171,96022,99822,112461,1245453,613755,91607,120223,401925,224749,108828,39366,47539,29016,144506,28006,33200,28618,54682,262443,139528,64013,58902,613142,248926,47739,177779,23408,139700,33622,72659,25878,7541,224516,80765,30436,113315,866258,8,2023,2023-08-01
4568370,1457947,1457947,977414,59060,421473,374588,374588,33268,34172,95812,99323,112013,1246463,614172,91369,120632,402171,225369,108916,39436,47880,29137,144152,28027,33309,28412,54404,262770,140060,63849,58861,613117,248478,47643,177547,23288,139232,33569,72375,25786,7502,225407,81024,30380,114003,876255,9,2023,2023-09-01
4580047,1465164,1465164,982134,58776,424254,372318,372318,32873,34008,95220,99278,110939,1243360,613627,91262,120188,402177,223767,107896,39191,47717,28963,143760,28011,33270,28417,54062,262206,140391,63250,58565,614147,249296,47688,178301,23307,139534,33564,72488,25946,7536,225317,81605,30329,113383,885058,10,2023,2023-10-01
4579244,1468535,1468535,984969,58675,424891,371407,371407,32821,33880,95205,98974,110527,1237065,609449,90742,119396,399311,222773,107434,39038,47645,28656,143090,27828,32913,28228,54121,261753,139990,63270,58493,611945,248151,47054,177964,23133,139079,33287,72307,25942,7543,224715,81303,30291,113121,890292,11,2023,2023-11-01
4577068,1471117,1471117,986486,58693,425938,371322,371322,32824,33777,94970,99369,110382,1226841,605362,90149,118004,397209,220661,106279,38730,47260,28392,141193,27628,32347,28003,53215,259625,138864,62617,58144,611978,247897,47388,177468,23041,139058,33402,72221,25894,7541,225023,81663,30242,113118,895810,12,2023,2023-12-01
