Periodo de Cobertura,Total_Capitas_Dispersadas,Total_Capitas_Dispersada_mes,Total_Capitas_Dispersada_posterior,Titulares_Total_capitas,Titulares_Dispersadas_mes_capitas,Titulares_Dispersadas_posterior_capitas,Dependientes_Total_capitas,Dependientes_Dispersadas_mes_capitas,Dependientess_Dispersadas_posterior_capitas,Adicionales_Total_capitas,Adicionales_Dispersadas_mes_capitas,Adicionales_Dispersadas_posterior_capitas,Year,Month,Total_Monto_Dispersadas,Total_Monto_Dispersada_mes,Total_Monto_Dispersada_posterior,Titulares_Total_monto,Titulares_Dispersadas_mes_monto,Titulares_Dispersadas_posterior_monto,Dependientes_Total_monto,Dependientes_Dispersadas_mes_monto,Dependientess_Dispersadas_posterior_monto,Adicionales_Total_monto,Adicionales_Dispersadas_mes_monto,Adicionales_Dispersadas_posterior_monto,Tipo_de_ARS
2007-09-01,173242,57432,115810,77667,28975,48692,95246,28128,67118,329,329,0,2007,9,83733053,27758607,55974446,37538790,14004486,23534304,46035248,13595106,32440142,159015,159015,0,Autogestion
2007-10-01,173441,172952,489,78958,78588,370,94154,94035,119,329,329,0,2007,10,83829231,83592889,236342,38162767,37983938,178829,45507449,45449936,57513,159015,159015,0,Autogestion
2007-11-01,175569,167099,8470,80413,73371,7042,94263,92835,1428,893,893,0,2007,11,84857751,80763958,4093793,38866009,35462405,3403604,45560129,44869940,690189,431613,431613,0,Autogestion
2007-12-01,175886,175106,780,81573,81172,401,93424,93045,379,889,889,0,2007,12,85010966,84633981,376985,39426668,39232862,193806,45154618,44971439,183179,429680,429680,0,Autogestion
2008-01-01,178955,178033,922,83904,83293,611,93830,93519,311,1221,1221,0,2008,1,110952100,110380460,571640,52020480,51641660,378820,58174600,57981780,192820,757020,757020,0,Autogestion
2008-02-01,183616,182609,1007,89550,88810,740,92586,92319,267,1480,1480,0,2008,2,113841920,113217580,624340,55521000,55062200,458800,57403320,57237780,165540,917600,917600,0,Autogestion
2008-03-01,184734,183869,865,90619,90007,612,92368,92115,253,1747,1747,0,2008,3,114535080,113998780,536300,56183780,55804340,379440,57268160,57111300,156860,1083140,1083140,0,Autogestion
2008-04-01,184761,183712,1049,91324,90617,707,91693,91351,342,1744,1744,0,2008,4,114551820,113901440,650380,56620880,56182540,438340,56849660,56637620,212040,1081280,1081280,0,Autogestion
2008-05-01,187624,186769,855,92186,91548,638,93693,93476,217,1745,1745,0,2008,5,116326880,115796780,530100,57155320,56759760,395560,58089660,57955120,134540,1081900,1081900,0,Autogestion
2008-06-01,193338,192858,480,92125,91752,373,99471,99364,107,1742,1742,0,2008,6,119869560,119571960,297600,57117500,56886240,231260,61672020,61605680,66340,1080040,1080040,0,Autogestion
2008-07-01,194686,194000,686,92474,91973,501,100433,100248,185,1779,1779,0,2008,7,120705320,120280000,425320,57333880,57023260,310620,62268460,62153760,114700,1102980,1102980,0,Autogestion
2008-08-01,198632,198020,612,92769,92346,423,104062,103873,189,1801,1801,0,2008,8,123151840,122772400,379440,57516780,57254520,262260,64518440,64401260,117180,1116620,1116620,0,Autogestion
2008-09-01,197971,197090,881,92554,91933,621,103632,103372,260,1785,1785,0,2008,9,122742020,122195800,546220,57383480,56998460,385020,64251840,64090640,161200,1106700,1106700,0,Autogestion
2008-10-01,197695,196996,699,92672,92172,500,103236,103037,199,1787,1787,0,2008,10,122570900,122137520,433380,57456640,57146640,310000,64006320,63882940,123380,1107940,1107940,0,Autogestion
2008-11-01,197994,197335,659,92323,91877,446,103888,103678,210,1783,1780,3,2008,11,122756280,122347700,408580,57240260,56963740,276520,64410560,64280360,130200,1105460,1103600,1860,Autogestion
2008-12-01,197959,197080,879,92646,92063,583,103422,103126,296,1891,1891,0,2008,12,122734580,122189600,544980,57440520,57079060,361460,64121640,63938120,183520,1172420,1172420,0,Autogestion
2009-01-01,197595,196828,767,92850,92327,523,102865,102622,243,1880,1879,1,2009,1,122508900,122033360,475540,57567000,57242740,324260,63776300,63625640,150660,1165600,1164980,620,Autogestion
2009-02-01,197495,196819,676,92755,92309,446,102872,102642,230,1868,1868,0,2009,2,122446900,122027780,419120,57508100,57231580,276520,63780640,63638040,142600,1158160,1158160,0,Autogestion
2009-03-01,197914,197310,604,93515,93092,423,102546,102365,181,1853,1853,0,2009,3,122706680,122332200,374480,57979300,57717040,262260,63578520,63466300,112220,1148860,1148860,0,Autogestion
2009-04-01,200699,200350,349,93339,93147,192,102135,101981,154,5225,5222,3,2009,4,124433380,124217000,216380,57870180,57751140,119040,63323700,63228220,95480,3239500,3237640,1860,Autogestion
2009-05-01,200427,199823,604,93562,93166,396,101643,101437,206,5222,5220,2,2009,5,124264740,123890260,374480,58008440,57762920,245520,63018660,62890940,127720,3237640,3236400,1240,Autogestion
2009-06-01,202640,202535,105,93467,93391,76,103956,103927,29,5217,5217,0,2009,6,125636800,125571700,65100,57949540,57902420,47120,64452720,64434740,17980,3234540,3234540,0,Autogestion
2009-07-01,203961,203754,207,93746,93609,137,105052,104982,70,5163,5163,0,2009,7,126455820,126327480,128340,58122520,58037580,84940,65132240,65088840,43400,3201060,3201060,0,Autogestion
2009-08-01,206097,205647,450,94583,94292,291,106407,106248,159,5107,5107,0,2009,8,136203614,135905770,297844,62605423,62412817,192606,70431851,70326613,105238,3166340,3166340,0,Autogestion
2009-09-01,206441,205437,1004,94494,93954,540,106872,106408,464,5075,5075,0,2009,9,136432661,135768111,664550,62546519,62189092,357427,70739642,70432519,307123,3146500,3146500,0,Autogestion
2009-10-01,210276,209413,863,94751,94390,361,110437,109935,502,5088,5088,0,2009,10,138970539,138399319,571220,62716629,62477684,238945,73099350,72767075,332275,3154560,3154560,0,Autogestion
2009-11-01,209945,209065,880,94483,94096,387,110420,109962,458,5042,5007,35,2009,11,138964680,138382213,582467,62539235,62283083,256152,73088096,72784947,303149,3337349,3314183,23166,Autogestion
2009-12-01,208157,207201,956,93724,93258,466,109435,108957,478,4998,4986,12,2009,12,149883368,149194360,689008,67619986,67283781,336205,78955157,78610296,344861,3308225,3300283,7942,Autogestion
2010-01-01,206387,205475,912,92638,92156,482,108808,108379,429,4941,4940,1,2010,1,148609734,147951825,657909,66836452,66488710,347742,78502786,78193280,309506,3270496,3269835,661,Autogestion
2010-02-01,205286,204275,1011,92076,91634,442,108349,107780,569,4861,4861,0,2010,2,148109723,147380326,729397,66430981,66112098,318883,78171628,77761114,410514,3507114,3507114,0,Autogestion
2010-03-01,204296,203413,883,91928,91530,398,107621,107137,484,4747,4746,1,2010,3,147395457,146758410,637047,66324202,66037064,287138,77646390,77297202,349188,3424865,3424144,721,Autogestion
2010-04-01,200858,200062,796,90732,90387,345,106638,106188,450,3488,3487,1,2010,4,144915011,144340730,574281,65461313,65212412,248901,76937177,76612518,324659,2516521,2515800,721,Autogestion
2010-05-01,198410,197735,675,89047,88722,325,104746,104396,350,4617,4617,0,2010,5,143148828,142661847,486981,64245620,64011148,234472,75572135,75319626,252509,3331073,3331073,0,Autogestion
2010-06-01,197037,195900,1137,88309,87733,576,104103,103544,559,4625,4623,2,2010,6,142158231,141337931,820300,63713166,63297604,415562,75108221,74704925,403296,3336844,3335402,1442,Autogestion
2010-07-01,195588,194534,1054,87398,86868,530,103130,102608,522,5060,5058,2,2010,7,141112806,140352388,760418,63055897,62673524,382373,74406222,74029619,376603,3650687,3649245,1442,Autogestion
2010-08-01,193801,192909,892,86318,85895,423,102516,102048,468,4967,4966,1,2010,8,139823523,139179984,643539,62276700,61971524,305176,73963233,73625591,337642,3583590,3582869,721,Autogestion
2010-09-01,193325,192402,923,86120,85721,399,101922,101399,523,5283,5282,1,2010,9,139480102,138814194,665908,62133848,61845987,287861,73534676,73157350,377326,3811578,3810857,721,Autogestion
2010-10-01,189868,188913,955,83958,83554,404,100276,99738,538,5634,5621,13,2010,10,136985947,136296950,688997,60574010,60282539,291471,72347120,71958972,388148,4064817,4055439,9378,Autogestion
2010-11-01,188856,188234,622,83806,83559,247,99663,99290,373,5387,5385,2,2010,11,136255812,135807065,448747,60464348,60286147,178201,71904853,71635749,269104,3886611,3885169,1442,Autogestion
2010-12-01,187951,187366,585,83500,83263,237,99098,98750,348,5353,5353,0,2010,12,135602875,135180821,422054,60243575,60072589,170986,71497218,71246150,251068,3862082,3862082,0,Autogestion
2011-01-01,185507,184862,645,82514,82236,278,97565,97201,364,5428,5425,3,2011,1,133839571,133374235,465336,59532195,59331629,200566,70391184,70128577,262607,3916192,3914029,2163,Autogestion
2011-02-01,183734,183077,657,81746,81463,283,96540,96182,358,5448,5432,16,2011,2,132560390,132086393,473997,58978097,58773925,204172,69651672,69393389,258283,3930621,3919079,11542,Autogestion
2011-03-01,180602,180061,541,80379,80124,255,94767,94482,285,5456,5455,1,2011,3,130300718,129910409,390309,57991834,57807863,183971,68372490,68166873,205617,3936394,3935673,721,Autogestion
2011-04-01,177870,177368,502,79123,78895,228,93330,93059,271,5417,5414,3,2011,4,128329628,127967463,362165,57085651,56921164,164487,67335722,67140207,195515,3908255,3906092,2163,Autogestion
2011-05-01,175656,174878,778,77979,77584,395,92118,91739,379,5559,5555,4,2011,5,126732274,126170978,561296,56260280,55975304,284976,66461288,66187853,273435,4010706,4007821,2885,Autogestion
2011-06-01,173748,173105,643,77062,76766,296,91042,90699,343,5644,5640,4,2011,6,125355693,124891794,463899,55598685,55385133,213552,65684977,65437514,247463,4072031,4069147,2884,Autogestion
2011-07-01,171807,171129,678,76149,75847,302,90083,89712,371,5575,5570,5,2011,7,123955294,123466149,489145,54939970,54722093,217877,64993074,64725413,267661,4022250,4018643,3607,Autogestion
2011-08-01,168497,167809,688,74691,74386,305,88258,87878,380,5548,5545,3,2011,8,121567197,121070836,496361,53888053,53668011,220042,63676374,63402219,274155,4002770,4000606,2164,Autogestion
2011-09-01,166322,164901,1421,73662,73046,616,87272,86593,679,5388,5262,126,2011,9,119997983,118972772,1025211,53145655,52701228,444427,62964997,62475117,489880,3887331,3796427,90904,Autogestion
2011-10-01,160682,159943,739,70790,70493,297,84312,83876,436,5580,5574,6,2011,10,115928834,115395674,533160,51073562,50859289,214273,60829416,60514856,314560,4025856,4021529,4327,Autogestion
2011-11-01,159329,158666,663,70244,69954,290,83505,83139,366,5580,5573,7,2011,11,125643649,125120833,522816,55393007,55164325,228682,65850367,65561752,288615,4400275,4394756,5519,Autogestion
2011-12-01,158239,156903,1336,69728,69194,534,82941,82420,521,5570,5289,281,2011,12,124784093,123730566,1053527,54986097,54565004,421093,65405607,64994763,410844,4392389,4170799,221590,Autogestion
2012-01-01,157172,156515,657,69211,68889,322,82415,82085,330,5546,5541,5,2012,1,123942680,123424597,518083,54578402,54324487,253915,64990815,64730589,260226,4373463,4369521,3942,Autogestion
2012-02-01,156575,155982,593,68912,68602,310,82105,81834,271,5558,5546,12,2012,2,123471901,123004284,467617,54342619,54098165,244454,64746356,64532655,213701,4382926,4373464,9462,Autogestion
2012-03-01,155816,155362,454,68567,68317,250,81650,81448,202,5599,5597,2,2012,3,122873370,122515364,358006,54070557,53873419,197138,64387554,64228263,159291,4415259,4413682,1577,Autogestion
2012-04-01,154947,154453,494,68154,67861,293,81178,80980,198,5615,5612,3,2012,4,122188090,121798545,389545,53744873,53513827,231046,64015342,63859208,156134,4427875,4425510,2365,Autogestion
2012-05-01,154307,153909,398,67806,67580,226,80917,80751,166,5584,5578,6,2012,5,121683401,121369558,313843,53470449,53292236,178213,63809523,63678623,130900,4403429,4398699,4730,Autogestion
2012-06-01,153772,153467,305,67547,67368,179,80529,80408,121,5696,5691,5,2012,6,121261511,121021005,240506,53266206,53125057,141149,63503555,63408140,95415,4491750,4487808,3942,Autogestion
2012-07-01,152906,152221,685,66986,66595,391,80292,80009,283,5628,5617,11,2012,7,120578600,120038435,540165,52823814,52515485,308329,63316660,63093497,223163,4438126,4429453,8673,Autogestion
2012-08-01,153722,153297,425,67450,67205,245,80703,80538,165,5569,5554,15,2012,8,121222082,120886947,335135,53189714,52996518,193196,63640767,63510656,130111,4391601,4379773,11828,Autogestion
2012-09-01,152733,152403,330,66819,66629,190,80310,80176,134,5604,5598,6,2012,9,120442175,120181956,260219,52692118,52542296,149822,63330856,63225190,105666,4419201,4414470,4731,Autogestion
2012-10-01,151246,150887,359,66170,65966,204,79533,79400,133,5543,5521,22,2012,10,119269558,118986470,283088,52180332,52019468,160864,62718128,62613252,104876,4371098,4353750,17348,Autogestion
2012-11-01,150849,150314,535,66068,65851,217,79264,78952,312,5517,5511,6,2012,11,118956489,118534613,421876,52099895,51928781,171114,62506000,62259968,246032,4350594,4345864,4730,Autogestion
2012-12-01,150291,149186,1105,65984,65508,476,78794,78440,354,5513,5238,275,2012,12,118516464,117645095,871369,52033655,51658298,375357,62135369,61856215,279154,4347440,4130582,216858,Autogestion
2013-01-01,149586,148518,1068,65793,65333,460,78321,77983,338,5472,5202,270,2013,1,117960514,117118324,842190,51883036,51520297,362739,61762370,61495834,266536,4315108,4102193,212915,Autogestion
2013-02-01,149303,148087,1216,65703,65166,537,78108,77701,407,5492,5220,272,2013,2,117737344,116778445,958899,51812064,51388604,423460,61594401,61273454,320947,4330879,4116387,214492,Autogestion
2013-03-01,149038,148556,482,65665,65393,272,77766,77564,202,5607,5599,8,2013,3,117528370,117148289,380081,51782098,51567611,214487,61324706,61165419,159287,4421566,4415259,6307,Autogestion
2013-04-01,148741,148181,560,65555,65236,319,77586,77353,233,5600,5592,8,2013,4,117294162,116852571,441591,51695355,51443804,251551,61182761,60999028,183733,4416046,4409739,6307,Autogestion
2013-05-01,148473,148091,382,65444,65197,247,77323,77193,130,5706,5701,5,2013,5,117082828,116781599,301229,51607825,51413050,194775,60975367,60872855,102512,4499636,4495694,3942,Autogestion
2013-06-01,147970,147685,285,65131,64976,155,77089,76963,126,5750,5746,4,2013,6,116686173,116461436,224737,51361000,51238774,122226,60790839,60691482,99357,4534334,4531180,3154,Autogestion
2013-07-01,147367,146974,393,64999,64795,204,76639,76452,187,5729,5727,2,2013,7,116210659,115900756,309903,51256906,51096041,160865,60435979,60288518,147461,4517774,4516197,1577,Autogestion
2013-08-01,147435,147013,422,64698,64528,170,77121,76869,252,5616,5616,0,2013,8,122973736,122621002,352734,54080404,53938309,142095,64464667,64254028,210639,4428665,4428665,0,Autogestion
2013-09-01,147293,146417,876,64395,64196,199,77348,76680,668,5550,5541,9,2013,9,123120732,122388505,732227,53827130,53660794,166336,64654414,64096045,558369,4639188,4631666,7522,Autogestion
2013-10-01,145517,145108,409,63506,63243,263,76480,76339,141,5531,5526,5,2013,10,121636191,121294325,341866,53084023,52864191,219832,63928861,63811006,117855,4623307,4619128,4179,Autogestion
2013-11-01,145433,145111,322,63625,63421,204,76307,76193,114,5501,5497,4,2013,11,121565976,121296832,269144,53183494,53012979,170515,63784252,63688966,95286,4598230,4594887,3343,Autogestion
2013-12-01,145169,144799,370,63622,63400,222,76032,75902,130,5515,5497,18,2013,12,121345299,121036035,309264,53180987,52995426,185561,63554381,63445722,108659,4609931,4594887,15044,Autogestion
2014-01-01,144548,144101,447,63428,63178,250,75625,75499,126,5495,5424,71,2014,1,120826210,120452584,373626,53018820,52809858,208962,63214176,63108859,105317,4593214,4533867,59347,Autogestion
2014-02-01,144426,143202,1224,63428,62832,596,75527,75146,381,5471,5224,247,2014,2,120724231,119701118,1023113,53018822,52520640,498182,63132257,62813789,318468,4573152,4366689,206463,Autogestion
2014-03-01,144815,144025,790,64083,63579,504,75255,74981,274,5477,5465,12,2014,3,121049393,120389056,660337,53566330,53145050,421280,62904896,62675868,229028,4578167,4568138,10029,Autogestion
2014-04-01,145095,144590,505,64206,63851,355,75143,75003,140,5746,5736,10,2014,4,121283445,120861334,422111,53669145,53372412,296733,62811277,62694257,117020,4803023,4794665,8358,Autogestion
2014-05-01,145384,144920,464,64352,64052,300,75097,74946,151,5935,5922,13,2014,5,121525020,121137177,387843,53791186,53540426,250760,62772828,62646611,126217,4961006,4950140,10866,Autogestion
2014-06-01,146145,145570,575,64845,64553,292,75186,74918,268,6114,6099,15,2014,6,122161129,121680507,480622,54203278,53959207,244071,62847222,62623207,224015,5110629,5098093,12536,Autogestion
2014-07-01,146320,145297,1023,65226,64777,449,75129,74566,563,5965,5954,11,2014,7,122307410,121452308,855102,54521751,54146446,375305,62799576,62328973,470603,4986083,4976889,9194,Autogestion
2014-08-01,146584,146111,473,65334,65035,299,74809,74641,168,6441,6435,6,2014,8,122528085,122132723,395362,54612029,54362106,249923,62532091,62391665,140426,5383965,5378952,5013,Autogestion
2014-09-01,147327,146701,626,65387,65087,300,74879,74558,321,7061,7056,5,2014,9,123149152,122625897,523255,54656331,54405572,250759,62590604,62322286,268318,5902217,5898039,4178,Autogestion
2014-10-01,148502,147727,775,66285,65979,306,74912,74447,465,7305,7301,4,2014,10,124131321,123483520,647801,55406960,55151186,255774,62618187,62229502,388685,6106174,6102832,3342,Autogestion
2014-11-01,149409,148680,729,66950,66626,324,74689,74288,401,7770,7766,4,2014,11,124889472,124280124,609348,55962827,55692007,270820,62431781,62096596,335185,6494864,6491521,3343,Autogestion
2014-12-01,148970,148244,726,67159,66766,393,73916,73586,330,7895,7892,3,2014,12,124522517,123915675,606842,56137528,55809031,328497,61785640,61509801,275839,6599349,6596843,2506,Autogestion
2015-01-01,163285,158438,4847,67244,66742,502,73843,73266,577,22198,18430,3768,2015,1,136488280,132436738,4051542,56208575,55788970,419605,61724621,61242316,482305,18555084,15405452,3149632,Autogestion
2015-02-01,164409,162822,1587,68014,67278,736,74087,73294,793,22308,22250,58,2015,2,137427818,136101280,1326538,56852211,56237007,615204,61928575,61265721,662854,18647032,18598552,48480,Autogestion
2015-03-01,166169,163884,2285,69915,68150,1765,74018,73513,505,22236,22221,15,2015,3,138898985,136988995,1909990,58441237,56965903,1475334,61870900,61448781,422119,18586848,18574311,12537,Autogestion
2015-04-01,166705,165808,897,70970,70458,512,73538,73158,380,22197,22192,5,2015,4,139347022,138597247,749775,59323101,58895137,427964,61469672,61152040,317632,18554249,18550070,4179,Autogestion
2015-05-01,166837,165953,884,71554,71039,515,73132,72797,335,22151,22117,34,2015,5,139457363,138718452,738911,59811263,59380789,430474,61130302,60850284,280018,18515798,18487379,28419,Autogestion
2015-06-01,167281,166451,830,72610,72081,529,72768,72476,292,21903,21894,9,2015,6,139828503,139134725,693778,60693966,60251787,442179,60826040,60581963,244077,18308497,18300975,7522,Autogestion
2015-07-01,168190,167204,986,73663,73144,519,72521,72060,461,22006,22000,6,2015,7,140588328,139764151,824177,61574158,61140338,433820,60619575,60234233,385342,18394595,18389580,5015,Autogestion
2015-08-01,170068,168954,1114,75191,74600,591,72942,72425,517,21935,21929,6,2015,8,142158124,141226958,931166,62851395,62357394,494001,60971484,60539333,432151,18335245,18330231,5014,Autogestion
2015-09-01,169974,169090,884,75817,75211,606,72205,71931,274,21952,21948,4,2015,9,142079549,141340638,738911,63374661,62868122,506539,60355433,60126403,229030,18349455,18346113,3342,Autogestion
2015-10-01,166837,165888,949,74040,73593,447,70686,70189,497,22111,22106,5,2015,10,139531820,138664119,867701,61924542,61515652,408890,59124916,58670283,454633,18482362,18478184,4178,Autogestion
2015-11-01,165626,164722,904,73314,72793,521,70262,69925,337,22050,22004,46,2015,11,149768942,148945640,823302,67064705,66588124,476581,64272864,63964593,308271,18431373,18392923,38450,Autogestion
2015-12-01,165259,163631,1628,72454,71872,582,70343,69400,943,22462,22359,103,2015,12,151172308,149683092,1489216,66278011,65745630,532381,64346960,63484344,862616,20547337,20453118,94219,Autogestion
2016-01-01,163622,162641,981,71623,71060,563,69522,69330,192,22477,22251,226,2016,1,149674845,148777479,897366,65517846,65002845,515001,63595940,63420310,175630,20561059,20354324,206735,Autogestion
2016-02-01,162923,161410,1513,70918,70259,659,69493,68919,574,22512,22232,280,2016,2,149035424,147651410,1384014,64872939,64270122,602817,63569410,63044344,525066,20593075,20336944,256131,Autogestion
2016-03-01,163297,162391,906,71908,71517,391,69009,68690,319,22380,22184,196,2016,3,149377550,148548789,828761,65778553,65420890,357663,63126670,62834864,291806,20472327,20293035,179292,Autogestion
2016-04-01,162527,161436,1091,71608,71124,484,68553,68073,480,22366,22239,127,2016,4,148673187,147675194,997993,65504127,65061390,442737,62709540,62270457,439083,20459520,20343347,116173,Autogestion
2016-05-01,162199,159909,2290,72064,70177,1887,67877,67564,313,22258,22168,90,2016,5,148373145,146278355,2094790,65921257,64195112,1726145,62091161,61804844,286317,20360727,20278399,82328,Autogestion
2016-06-01,160394,158071,2323,71238,69226,2012,66912,66675,237,22244,22170,74,2016,6,146722003,144597027,2124976,65165665,63325175,1840490,61208418,60991623,216795,20347920,20280229,67691,Autogestion
2016-07-01,158928,156667,2261,70254,68316,1938,66471,66207,264,22203,22144,59,2016,7,145380965,143312704,2068261,64265540,62492744,1772796,60805010,60563515,241495,20310415,20256445,53970,Autogestion
2016-08-01,157980,155316,2664,69547,67466,2081,66306,65759,547,22127,22091,36,2016,8,144513775,142076863,2436912,63618808,61715198,1903610,60654073,60153702,500371,20240894,20207963,32931,Autogestion
2016-09-01,158265,153714,4551,70509,66660,3849,65770,65116,654,21986,21938,48,2016,9,144774478,140611417,4163061,64498806,60977901,3520905,60163763,59565512,598251,20111909,20068004,43905,Autogestion
2016-10-01,157215,154429,2786,69853,67597,2256,65407,64923,484,21955,21909,46,2016,10,143813975,141265470,2548505,63898721,61835031,2063690,59831703,59388963,442740,20083551,20041476,42075,Autogestion
2016-11-01,155345,150910,4435,68828,65002,3826,64759,64192,567,21758,21716,42,2016,11,142103379,138046430,4056949,62961095,59461229,3499866,59238940,58720273,518667,19903344,19864928,38416,Autogestion
2016-12-01,151290,148940,2350,65938,63958,1980,63803,63473,330,21549,21509,40,2016,12,138394026,136244353,2149673,60317437,58506220,1811217,58364431,58062561,301870,19712158,19675572,36586,Autogestion
2017-01-01,151793,148870,2923,67144,64912,2232,63233,62587,646,21416,21371,45,2017,1,138854150,136180320,2673830,61420639,59378901,2041738,57843017,57252084,590933,19590494,19549335,41159,Autogestion
2017-02-01,146497,145230,1267,64062,63205,857,61108,60745,363,21327,21280,47,2017,2,134009577,132850593,1158984,58601345,57817405,783940,55899151,55567096,332055,19509081,19466092,42989,Autogestion
2017-03-01,146169,145343,826,64160,63788,372,60798,60521,277,21211,21034,177,2017,3,133709538,132953960,755578,58690994,58350710,340284,55615574,55362189,253385,19402970,19241061,161909,Autogestion
2017-04-01,145540,143164,2376,64090,62172,1918,60335,59911,424,21115,21081,34,2017,4,133134152,130960699,2173453,58626961,56872458,1754503,55192039,54804186,387853,19315152,19284055,31097,Autogestion
2017-05-01,146161,144026,2135,65894,64041,1853,59473,59227,246,20794,20758,36,2017,5,133702222,131749223,1952999,60277188,58582145,1695043,54403517,54178490,225027,19021517,18988588,32929,Autogestion
2017-06-01,144214,139892,4322,64878,61096,3782,58926,58411,515,20410,20385,25,2017,6,131921181,127967604,3953577,59347789,55888176,3459613,53903143,53432046,471097,18670249,18647382,22867,Autogestion
2017-07-01,143312,140598,2714,64096,61847,2249,58719,58270,449,20497,20481,16,2017,7,131096069,128613425,2482644,58632450,56575161,2057289,53713787,53303065,410722,18749832,18735199,14633,Autogestion
2017-08-01,139639,138300,1339,61901,61277,624,58979,58274,705,18759,18749,10,2017,8,127736157,126511307,1224850,56624551,56053748,570803,53951625,53306724,644901,17159981,17150835,9146,Autogestion
2017-09-01,137427,135178,2249,60910,58935,1975,57362,57102,260,19155,19141,14,2017,9,125712706,123655426,2057280,55718022,53911380,1806642,52472457,52234625,237832,17522227,17509421,12806,Autogestion
2017-10-01,137098,134510,2588,60184,58193,1991,57427,56861,566,19487,19456,31,2017,10,125411750,123044366,2367384,55053910,53232628,1821282,52531917,52014168,517749,17825923,17797570,28353,Autogestion
2017-11-01,137609,134712,2897,61044,59096,1948,58120,57176,944,18445,18440,5,2017,11,137659751,134723798,2935953,61875412,59900887,1974525,58911592,57954737,956855,16872747,16868174,4573,Autogestion
2017-12-01,133061,132437,624,57926,57581,345,56732,56458,274,18403,18398,5,2017,12,134873279,134240790,632489,58714947,58365253,349694,57504685,57226957,277728,18653647,18648580,5067,Autogestion
2018-01-01,132977,132031,946,58128,57748,380,56448,56056,392,18401,18227,174,2018,1,134788133,133829260,958873,58919697,58534527,385170,57216817,56819482,397335,18651619,18475251,176368,Autogestion
2018-02-01,131399,130366,1033,56441,56041,400,56584,56126,458,18374,18199,175,2018,2,133188642,132141584,1047058,57209721,56804278,405443,57354669,56890436,464233,18624252,18446870,177382,Autogestion
2018-03-01,132103,130700,1403,56746,56215,531,56914,56176,738,18443,18309,134,2018,3,133902230,132480133,1422097,57518874,56980648,538226,57689165,56941117,748048,18694191,18558368,135823,Autogestion
2018-04-01,132824,132008,816,56977,56683,294,57362,56958,404,18485,18367,118,2018,4,134633053,133805947,827106,57753022,57455022,298000,58143267,57733767,409500,18736764,18617158,119606,Autogestion
2018-05-01,133165,132364,801,56996,56616,380,57691,57270,421,18478,18478,0,2018,5,134978696,134166796,811900,57772277,57387109,385168,58476749,58050017,426732,18729670,18729670,0,Autogestion
2018-06-01,134181,133551,630,57389,57129,260,58261,57897,364,18531,18525,6,2018,6,136008535,135369963,638572,58170632,57907096,263536,59054512,58685557,368955,18783391,18777310,6081,Autogestion
2018-07-01,135803,135146,657,57866,57567,299,59214,58859,355,18723,18720,3,2018,7,137652628,136986687,665941,58654129,58351062,303067,60020493,59660659,359834,18978006,18974966,3040,Autogestion
2018-08-01,138430,136884,1546,59011,58000,1011,60342,59808,534,19077,19076,1,2018,8,140315407,138748359,1567048,59814724,58789960,1024764,61163855,60622584,541271,19336828,19335815,1013,Autogestion
2018-09-01,139408,137294,2114,60119,58221,1898,60037,59823,214,19252,19250,2,2018,9,141306727,139163944,2142783,60937813,59013970,1923843,60854702,60637789,216913,19514212,19512185,2027,Autogestion
2018-10-01,141921,138339,3582,62278,58965,3313,60187,59924,263,19456,19450,6,2018,10,143853951,140223176,3630775,63126219,59768103,3358116,61006743,60740164,266579,19720989,19714909,6080,Autogestion
2018-11-01,143715,139489,4226,63837,59890,3947,60301,60026,275,19577,19573,4,2018,11,145672389,141388839,4283550,64706454,60705701,4000753,61122297,60843554,278743,19843638,19839584,4054,Autogestion
2018-12-01,142901,140602,2299,62904,60872,2032,60337,60075,262,19660,19655,5,2018,12,144847304,142516998,2330306,63760747,61701076,2059671,61158788,60893221,265567,19927769,19922701,5068,Autogestion
2019-01-01,145165,141051,4114,64782,60924,3858,60677,60423,254,19706,19704,2,2019,1,147142138,142972113,4170025,65664326,61753784,3910542,61503417,61245961,257456,19974395,19972368,2027,Autogestion
2019-02-01,145824,139925,5899,65152,59555,5597,60846,60556,290,19826,19814,12,2019,2,147810112,141830777,5979335,66039365,60366139,5673226,61674719,61380772,293947,20096028,20083866,12162,Autogestion
2019-03-01,146509,142246,4263,65554,61609,3945,61044,60733,311,19911,19904,7,2019,3,148504443,144183389,4321054,66446840,62448114,3998726,61875417,61560183,315234,20182186,20175092,7094,Autogestion
2019-04-01,148762,143033,5729,66469,60934,5535,62269,62080,189,20024,20019,5,2019,4,150788129,144981108,5807021,67374303,61763921,5610382,63117101,62925529,191572,20296725,20291658,5067,Autogestion
2019-05-01,147274,141520,5754,65803,60295,5508,61480,61238,242,19991,19987,4,2019,5,149279863,143447500,5832363,66699232,61116217,5583015,62317356,62072061,245295,20263275,20259222,4053,Autogestion
2019-06-01,148130,143020,5110,66287,62005,4282,62126,61308,818,19717,19707,10,2019,6,150147522,144967931,5179591,67189826,62849508,4340318,62972152,62143014,829138,19985544,19975409,10135,Autogestion
2019-07-01,144970,142569,2401,62574,60588,1986,62570,62160,410,19826,19821,5,2019,7,146944482,144510789,2433693,63426253,61413208,2013045,63422200,63006619,415581,20096029,20090962,5067,Autogestion
2019-08-01,146034,143585,2449,62934,60926,2008,63210,62771,439,19890,19888,2,2019,8,148022974,145540627,2482347,63791158,61755812,2035346,64070916,63625941,444975,20160900,20158874,2026,Autogestion
2019-09-01,147350,145015,2335,63309,61252,2057,64155,63883,272,19886,19880,6,2019,9,149356887,146990103,2366784,64171256,62086252,2085004,65028786,64753086,275700,20156845,20150765,6080,Autogestion
2019-10-01,147942,145853,2089,63483,61910,1573,64226,63758,468,20233,20185,48,2019,10,150033845,147916412,2117433,64386011,62791598,1594413,65139265,64664895,474370,20508569,20459919,48650,Autogestion
2019-11-01,149136,148305,831,64042,63587,455,64639,64311,328,20455,20407,48,2019,11,171008528,170045505,963023,74788873,74257534,531339,75486062,75103028,383034,20733593,20684943,48650,Autogestion
2019-12-01,149286,148283,1003,64177,63645,532,64617,64151,466,20492,20487,5,2019,12,174337656,173166369,1171287,74946526,74325267,621259,75460369,74916179,544190,23930761,23924923,5838,Autogestion
2020-01-01,152115,151491,624,65108,64787,321,66326,66027,299,20681,20677,4,2020,1,177641393,176912703,728690,76033759,75658906,374853,77456159,77106990,349169,24151475,24146807,4668,Autogestion
2020-02-01,154180,153408,772,66379,65950,429,67049,66712,337,20752,20746,6,2020,2,180052921,179151395,901526,77518045,77017069,500976,78300486,77906940,393546,24234390,24227386,7004,Autogestion
2020-03-01,154573,153923,650,66808,66402,406,66815,66578,237,20950,20943,7,2020,3,180511868,179752817,759051,78019036,77544919,474117,78027215,77750454,276761,24465617,24457444,8173,Autogestion
2020-04-01,156358,153612,2746,67694,65722,1972,67374,66704,670,21290,21186,104,2020,4,182596406,179389628,3206778,79053715,76750808,2302907,78680020,77897598,782422,24862671,24741222,121449,Autogestion
2020-05-01,155647,153896,1751,66887,65818,1069,67444,66849,595,21316,21229,87,2020,5,181766096,179721286,2044810,78111294,76862918,1248376,78761766,78066930,694836,24893036,24791438,101598,Autogestion
2020-06-01,157361,156424,937,67421,66941,480,68369,67921,448,21571,21562,9,2020,6,183767728,182673511,1094217,78734905,78174369,560536,79841995,79318823,523172,25190828,25180319,10509,Autogestion
2020-07-01,158402,157561,841,68192,67715,477,68605,68247,358,21605,21599,6,2020,7,184983421,184001311,982110,79635288,79078254,557034,80117600,79699529,418071,25230533,25223528,7005,Autogestion
2020-08-01,159159,157906,1253,68468,67754,714,68942,68408,534,21749,21744,5,2020,8,185867453,184404204,1463249,79957605,79123798,833807,80511151,79887546,623605,25398697,25392860,5837,Autogestion
2020-09-01,159553,158560,993,68505,67938,567,69247,68826,421,21801,21796,5,2020,9,186327573,185167952,1159621,80000815,79338675,662140,80867335,80375691,491644,25459423,25453586,5837,Autogestion
2020-10-01,159994,159034,960,68781,68296,485,69933,69463,470,21280,21275,5,2020,10,186842568,185721494,1121074,80323124,79756751,566373,81668450,81119586,548864,24850994,24845157,5837,Autogestion
2020-11-01,158951,157730,1221,68052,67351,701,69415,68928,487,21484,21451,33,2020,11,185624545,184198670,1425875,79471793,78653171,818622,81063523,80494807,568716,25089229,25050692,38537,Autogestion
2020-12-01,160369,159567,802,68972,68499,473,69905,69579,326,21492,21489,3,2020,12,187280503,186343937,936566,80546179,79993817,552362,81635752,81255051,380701,25098572,25095069,3503,Autogestion
2021-01-01,162460,161225,1235,71177,70399,778,70023,69572,451,21260,21254,6,2021,1,189722391,188280166,1442225,83121202,82212656,908546,81773550,81246877,526673,24827639,24820633,7006,Autogestion
2021-02-01,156668,155287,1381,70024,69189,835,65424,64885,539,21220,21213,7,2021,2,182958431,181345710,1612721,81774714,80799606,975108,76402791,75773351,629440,24780926,24772753,8173,Autogestion
2021-03-01,158142,157138,1004,72017,71591,426,64757,64182,575,21368,21365,3,2021,3,184679786,183507326,1172460,84102160,83604685,497475,75623864,74952381,671483,24953762,24950260,3502,Autogestion
2021-04-01,165497,162248,3249,75324,74708,616,68589,65957,2632,21584,21583,1,2021,4,193269031,189474836,3794195,87964108,87244749,719359,80098913,77025244,3073669,25206010,25204843,1167,Autogestion
2021-05-01,169713,166583,3130,77758,77190,568,70237,67677,2560,21718,21716,2,2021,5,198192515,194537291,3655224,90806557,90143253,663304,82023463,79033877,2989586,25362495,25360161,2334,Autogestion
2021-06-01,171479,170454,1025,80639,80026,613,68872,68465,407,21968,21963,5,2021,6,200254871,199057885,1196986,94171021,93455163,715858,80429402,79954111,475291,25654448,25648611,5837,Autogestion
2021-07-01,174975,173741,1234,82741,82115,626,70054,69451,603,22180,22175,5,2021,7,204337533,202896476,1441057,96625757,95894718,731039,81809753,81105572,704181,25902023,25896186,5837,Autogestion
2021-08-01,177226,176160,1066,84204,83621,583,71142,70662,480,21880,21877,3,2021,8,206966279,205721409,1244870,98334265,97653440,680825,83080333,82519790,560543,25551681,25548179,3502,Autogestion
2021-09-01,179132,177447,1685,85045,84306,739,71870,70928,942,22217,22213,4,2021,9,209192125,207224379,1967746,99316394,98453389,863005,83930498,82830427,1100071,25945233,25940563,4670,Autogestion
2021-10-01,181668,180658,1010,86316,85746,570,72894,72458,436,22458,22454,4,2021,10,237627290,236286857,1340433,114611240,113854396,756844,96789375,96210456,578919,26226675,26222005,4670,Autogestion
2021-11-01,183499,182725,774,87560,87107,453,73418,73100,318,22521,22518,3,2021,11,240048433,239021201,1027232,116263034,115661545,601489,97485151,97062911,422240,26300248,26296745,3503,Autogestion
2021-12-01,185072,183821,1251,88808,88124,684,73772,73208,564,22492,22489,3,2021,12,245740437,244079361,1661076,117920141,117011928,908213,97955194,97206314,748880,29865102,29861119,3983,Autogestion
2022-01-01,190374,189026,1348,93177,92477,700,74510,73866,644,22687,22683,4,2022,1,252780489,250990612,1789877,123721345,122791885,929460,98935120,98080013,855107,30124024,30118714,5310,Autogestion
2022-02-01,191172,188622,2550,93794,92307,1487,74800,73780,1020,22578,22535,43,2022,2,253840081,250454176,3385905,124540604,122566157,1974447,99320184,97965821,1354363,29979293,29922198,57095,Autogestion
2022-03-01,192506,191593,913,94267,93826,441,75609,75140,469,22630,22627,3,2022,3,255611379,254399100,1212279,125168658,124583101,585557,100394383,99771643,622740,30048338,30044356,3982,Autogestion
2022-04-01,192678,191279,1399,94081,93394,687,75910,75206,704,22687,22679,8,2022,4,255839765,253982167,1857598,124921687,124009487,912200,100794054,99859278,934776,30124024,30113402,10622,Autogestion
2022-05-01,190488,189517,971,92055,91500,555,75694,75285,409,22739,22732,7,2022,5,252931859,251642566,1289293,122231543,121494615,736928,100507246,99964175,543071,30193070,30183776,9294,Autogestion
2022-06-01,191089,190223,866,92449,91935,514,75998,75654,344,22642,22634,8,2022,6,253729870,252580000,1149870,122754698,122072212,682486,100910900,100454137,456763,30064272,30053651,10621,Autogestion
2022-07-01,193261,192005,1256,93813,93187,626,76798,76173,625,22650,22645,5,2022,7,256613876,254946158,1667718,124565833,123734630,831203,101973147,101143271,829876,30074896,30068257,6639,Autogestion
2022-08-01,194282,193410,872,94348,93867,481,77192,76804,388,22742,22739,3,2022,8,257984258,256811731,1172527,125288023,124637541,650482,102499182,101981119,518063,30197053,30193071,3982,Autogestion
2022-09-01,195135,194278,857,94734,94202,532,77542,77220,322,22859,22856,3,2022,9,259240824,257964270,1276554,125875107,125082357,792750,103013310,102533488,479822,30352407,30348425,3982,Autogestion
2022-10-01,196573,195355,1218,95537,94807,730,79396,78912,484,21640,21636,4,2022,10,289408460,287594126,1814334,142363501,141275702,1087799,118311152,117589927,721225,28733807,28728497,5310,Autogestion
2022-11-01,193385,192216,1169,93510,92931,579,78107,77517,590,21768,21768,0,2022,11,288170715,286428749,1741966,139342987,138480200,862787,116390361,115511182,879179,32437367,32437367,0,Autogestion
2022-12-01,194099,193070,1029,94309,93640,669,77961,77605,356,21829,21825,4,2022,12,289234675,287701328,1533347,140533609,139536709,996900,116172801,115642314,530487,32528265,32522305,5960,Autogestion
2023-01-01,194838,193710,1128,94953,94289,664,78021,77563,458,21864,21858,6,2023,1,290335887,288655018,1680869,141493258,140503810,989448,116262209,115579728,682481,32580420,32571480,8940,Autogestion
2023-02-01,195168,193648,1520,95243,94286,957,78053,77495,558,21872,21867,5,2023,2,302091876,299728395,2363481,148116195,146627930,1488265,121383340,120515574,867766,32592341,32584891,7450,Autogestion
2023-03-01,197271,196167,1104,96688,96103,585,78648,78131,517,21935,21933,2,2023,3,305358236,303641502,1716734,150363370,149453619,909751,122308646,121504643,804003,32686220,32683240,2980,Autogestion
2023-04-01,197178,195877,1301,97511,96745,766,77669,77138,531,21998,21994,4,2023,4,306639387,304616157,2023230,151643252,150452019,1191233,120786166,119960389,825777,34209969,34203749,6220,Autogestion
2023-05-01,198761,197729,1032,98748,98114,634,77992,77601,391,22021,22014,7,2023,5,309101173,307496275,1604898,153566961,152581005,985956,121288476,120680419,608057,34245736,34234851,10885,Autogestion
2023-06-01,200285,199269,1016,99930,99274,656,78239,77885,354,22116,22110,6,2023,6,311471206,309891191,1580015,155405137,154384968,1020169,121672594,121122078,550516,34393475,34384145,9330,Autogestion
2023-07-01,200676,199236,1440,99917,99016,901,78550,78015,535,22209,22205,4,2023,7,312079267,309839872,2239395,155384920,153983742,1401178,122156244,121324247,831997,34538103,34531883,6220,Autogestion
2023-08-01,201053,199944,1109,99988,99312,676,78794,78368,426,22271,22264,7,2023,8,312665555,310940910,1724645,155495336,154444063,1051273,122535698,121873211,662487,34634521,34623636,10885,Autogestion
2023-09-01,202830,201500,1330,100839,100135,704,79697,79078,619,22294,22287,7,2023,9,315429040,313360708,2068332,156818760,155723943,1094817,123939990,122977360,962630,34670290,34659405,10885,Autogestion
2023-10-01,202389,201346,1043,101059,100376,683,80249,79895,354,21081,21075,6,2023,10,314743226,313121217,1622009,157160892,156098732,1062160,124798429,124247910,550519,32783905,32774575,9330,Autogestion
2023-11-01,198738,197731,1007,98822,98185,637,78840,78475,365,21076,21071,5,2023,11,309193746,307499385,1694361,153763631,152691420,1072211,122653986,122039611,614375,32776129,32768354,7775,Autogestion
2023-12-01,198299,198299,0,98717,98717,0,78475,78475,0,21107,21107,0,2023,12,308546391,308546391,0,153610844,153610844,0,122111208,122111208,0,32824339,32824339,0,Autogestion
